,Unnamed: 0,trip_distance,rate_code,store_and_fwd_flag,payment_type,fare_amount,extra,mta_tax,tip_amount,tolls_amount,imp_surcharge,total_amount,pickup_location_id,dropoff_location_id,year,month,day,day_of_week,hour_of_day,trip_duration,calculated_total_amount
0,3,16.97,1,N,1,49.5,0.0,0.5,5.61,5.76,0.3,61.67,231,138,2018,3,29,3,13,3317.0,61.67
1,4,14.45,1,N,1,45.5,0.0,0.5,10.41,5.76,0.3,62.47,87,138,2018,3,29,3,14,3648.0,62.46999999999999
2,5,11.6,1,N,1,42.0,0.0,0.5,14.57,5.76,0.3,63.13,68,138,2018,3,29,3,14,3540.0,63.13
3,10,5.1,1,N,1,26.5,1.0,0.5,5.65,0.0,0.3,33.95,186,33,2018,3,29,3,16,2585.0,33.95
4,12,11.11,1,N,1,45.5,1.0,0.5,10.61,5.76,0.3,63.67,163,138,2018,3,29,3,16,4521.0,63.67
5,13,9.54,1,N,1,41.0,1.0,0.5,9.71,5.76,0.3,58.27,138,244,2018,3,29,3,16,3738.000000000001,58.27
6,17,10.0,1,N,1,38.5,1.0,0.5,8.05,0.0,0.3,48.35,138,25,2018,3,29,3,17,3598.0,48.35
7,18,9.8,1,N,1,38.5,1.0,0.5,6.94,5.76,0.3,53.0,138,90,2018,3,29,3,17,3267.0,52.99999999999999
8,20,14.1,1,N,1,48.5,1.0,0.5,7.0,5.76,0.3,63.06,264,264,2018,3,29,3,17,3959.000000000001,63.06
9,23,18.5,1,N,1,50.0,0.5,0.5,15.35,0.0,0.3,66.65,132,255,2018,5,19,5,0,1512.0,66.64999999999999
10,31,10.08,1,N,1,31.5,0.0,0.5,8.08,0.0,0.3,40.38,249,133,2018,5,19,5,11,1665.0,40.38
11,32,0.27,1,N,1,3.0,0.0,0.5,1.14,0.0,0.3,4.94,151,151,2018,5,19,5,11,76.0,4.94
12,34,11.24,1,N,1,33.0,0.0,0.5,9.89,5.76,0.3,49.45,186,67,2018,5,19,5,12,1632.0,49.45
13,37,9.6,1,N,1,31.5,0.0,0.5,7.0,5.76,0.3,45.06,138,100,2018,3,12,0,10,1901.0,45.06
14,39,10.22,1,N,1,29.5,0.0,0.5,6.0,5.76,0.3,42.06,234,138,2018,3,12,0,10,1337.0,42.06
15,44,11.73,1,N,1,39.0,0.0,0.5,9.11,5.76,0.3,54.67,138,163,2018,3,12,0,13,2366.0,54.67
16,45,9.4,1,N,1,31.0,0.0,0.5,7.51,5.76,0.3,45.07,138,68,2018,3,12,0,13,1806.0,45.06999999999999
17,47,9.82,1,N,1,30.5,0.0,0.5,7.41,5.76,0.3,44.47,138,162,2018,3,12,0,14,1720.0,44.46999999999999
18,53,7.97,1,N,1,25.5,0.0,0.5,6.41,5.76,0.3,38.47,138,236,2018,3,12,0,15,1482.0,38.46999999999999
19,55,8.16,1,N,1,25.5,1.0,0.5,6.61,5.76,0.3,39.67,138,162,2018,3,12,0,16,1502.0,39.67
20,58,9.51,1,N,1,40.5,1.0,0.5,9.61,5.76,0.3,57.67,138,48,2018,3,12,0,17,3161.0,57.67
21,59,9.01,1,N,1,28.5,1.0,0.5,9.02,5.76,0.3,45.08,138,107,2018,3,12,0,18,1485.0,45.07999999999999
22,62,9.12,1,N,1,28.0,1.0,0.5,8.89,5.76,0.3,44.45,138,90,2018,3,12,0,19,1324.0,44.45
23,70,12.0,1,N,1,35.5,0.5,0.5,8.51,5.76,0.3,51.07,138,68,2018,5,8,1,22,1523.0,51.06999999999999
24,71,11.22,1,N,1,33.5,0.5,0.5,8.11,5.76,0.3,48.67,138,163,2018,5,8,1,22,1544.0,48.67
25,74,9.07,1,N,1,30.0,0.5,0.5,6.26,0.0,0.3,37.56,164,181,2018,5,8,1,22,1814.0,37.56
26,76,9.4,1,N,1,32.5,0.5,0.5,7.9,5.76,0.3,47.46,186,70,2018,5,8,1,22,1803.0,47.46
27,78,7.93,1,N,1,27.0,0.5,0.5,5.66,0.0,0.3,33.96,48,244,2018,5,8,1,23,1650.0,33.959999999999994
28,80,8.95,1,N,1,26.0,0.5,0.5,6.61,5.76,0.3,39.67,262,138,2018,5,9,2,4,981.0,39.67
29,81,11.98,1,N,1,34.5,0.0,0.5,10.26,5.76,0.3,51.32,170,138,2018,5,9,2,6,1676.0,51.31999999999999
30,84,9.31,1,N,1,32.0,0.0,0.5,7.71,5.76,0.3,46.27,138,162,2018,5,9,2,7,2457.0,46.27
31,85,8.91,1,N,1,30.0,0.0,0.5,10.97,5.76,0.3,47.53,236,138,2018,5,9,2,8,1813.0,47.53
32,86,4.8,1,N,1,27.0,0.0,0.5,5.55,0.0,0.3,33.35,239,234,2018,5,9,2,8,2571.0,33.349999999999994
33,88,5.13,1,N,1,24.5,0.0,0.5,5.06,0.0,0.3,30.36,161,13,2018,5,9,2,8,50.0,4.75
34,89,0.2,1,N,1,3.0,0.0,0.5,0.95,0.0,0.3,4.75,234,113,2018,5,9,2,11,2593.0,48.96
35,90,10.96,1,N,1,40.0,0.0,0.5,8.16,0.0,0.3,48.96,138,114,2018,5,9,2,11,1384.0,31.0
36,91,6.87,1,N,1,24.0,0.0,0.5,6.2,0.0,0.3,31.0,163,13,2018,5,9,2,12,2191.0,48.94
37,92,10.7,1,N,1,36.0,0.0,0.5,6.38,5.76,0.3,48.94,163,195,2018,5,9,2,11,2823.0,64.42999999999999
38,93,13.1,1,N,1,43.0,0.0,0.5,14.87,5.76,0.3,64.43,138,161,2018,5,30,2,9,1153.0,27.28
39,94,7.6,1,N,1,24.0,0.0,0.5,2.48,0.0,0.3,27.28,236,88,2018,5,30,2,10,3476.0,56.46
40,95,10.9,1,N,1,40.5,0.0,0.5,9.4,5.76,0.3,56.46,138,48,2018,5,30,2,10,1893.0,47.46999999999999
41,96,10.33,1,N,1,33.0,0.0,0.5,7.91,5.76,0.3,47.47,138,162,2018,5,30,2,11,1731.0,41.16
42,97,11.23,1,N,1,33.5,0.0,0.5,6.86,0.0,0.3,41.16,132,61,2018,5,30,2,12,2532.0,45.06
43,98,9.8,1,N,1,34.5,0.0,0.5,4.0,5.76,0.3,45.06,138,161,2018,5,30,2,12,2224.0,26.75
44,99,2.3,1,N,1,21.5,0.0,0.5,4.45,0.0,0.3,26.75,262,161,2018,5,30,2,12,2320.0,53.16
45,100,15.47,1,N,1,43.5,0.0,0.5,8.86,0.0,0.3,53.16,132,255,2018,5,30,2,12,1308.0,29.64
46,101,6.15,1,N,1,22.0,0.0,0.5,6.84,0.0,0.3,29.64,162,42,2018,5,30,2,12,2130.0,40.10999999999999
47,102,10.0,1,N,1,33.5,0.0,0.5,0.05,5.76,0.3,40.11,138,162,2018,5,30,2,12,1965.0,41.0
48,103,9.9,1,N,1,32.0,0.0,0.5,8.2,0.0,0.3,41.0,107,257,2018,5,30,2,13,3147.0,37.56
49,104,3.61,1,N,1,30.5,0.0,0.5,6.26,0.0,0.3,37.56,90,238,2018,5,30,2,13,2107.0,27.95
50,105,4.3,1,N,1,22.5,0.0,0.5,4.65,0.0,0.3,27.95,158,237,2018,5,30,2,14,1953.0,46.31999999999999
51,106,9.92,1,N,1,30.5,0.0,0.5,9.26,5.76,0.3,46.32,164,138,2018,5,30,2,14,4111.0,55.38
52,107,9.86,1,N,1,43.5,0.0,0.5,11.08,0.0,0.3,55.38,138,49,2018,5,30,2,15,1779.0,39.06
53,108,9.14,1,N,1,28.5,0.0,0.5,4.0,5.76,0.3,39.06,100,138,2018,5,30,2,15,2931.0,57.68
54,109,14.92,1,N,1,48.0,0.0,0.5,8.88,0.0,0.3,57.68,132,112,2018,5,30,2,15,1262.0,25.64
55,110,6.3,1,N,1,21.5,0.0,0.5,3.34,0.0,0.3,25.64,140,137,2018,5,30,2,15,3114.0,52.87
56,111,9.01,1,N,1,36.5,1.0,0.5,8.81,5.76,0.3,52.87,138,230,2018,5,30,2,16,2137.0,48.81
57,112,9.6,1,N,1,31.5,1.0,0.5,9.75,5.76,0.3,48.81,164,138,2018,5,30,2,16,3327.0,59.41
58,113,10.1,1,N,1,40.0,1.0,0.5,11.85,5.76,0.3,59.41,186,138,2018,5,30,2,16,1945.0,27.37
59,114,3.54,1,N,1,22.0,1.0,0.5,3.57,0.0,0.3,27.37,262,48,2018,5,30,2,17,2704.0,45.96
60,115,10.0,1,N,1,36.5,1.0,0.5,7.66,0.0,0.3,45.96,138,211,2018,5,30,2,18,2455.0,35.16
61,116,5.48,1,N,1,27.5,1.0,0.5,5.86,0.0,0.3,35.16,142,148,2018,5,30,2,18,2438.0,42.25
62,117,8.0,1,N,1,32.0,1.0,0.5,8.45,0.0,0.3,42.25,161,17,2018,5,30,2,19,2522.0,44.76
63,118,9.82,1,N,1,35.5,1.0,0.5,7.46,0.0,0.3,44.76,138,79,2018,5,30,2,18,2086.0,48.67
64,119,10.05,1,N,1,33.0,1.0,0.5,8.11,5.76,0.3,48.67,138,68,2018,5,30,2,19,2240.0,32.3
65,120,6.7,1,N,1,27.0,0.5,0.5,4.0,0.0,0.3,32.3,161,181,2018,3,20,1,20,1802.0,41.0
66,121,9.58,1,N,1,31.5,0.5,0.5,8.2,0.0,0.3,41.0,138,61,2018,3,20,1,20,2337.0,53.89
67,122,12.6,1,Y,1,41.0,0.5,0.5,8.95,2.64,0.3,53.89,161,200,2018,3,20,1,21,1137.0,31.56
68,123,7.76,1,N,1,25.0,0.5,0.5,5.26,0.0,0.3,31.56,237,13,2018,3,20,1,21,1651.0,31.4
69,124,7.39,1,N,1,26.0,0.5,0.5,4.1,0.0,0.3,31.4,186,97,2018,3,20,1,4,1107.0,37.27
70,125,7.94,1,N,1,24.0,0.5,0.5,6.21,5.76,0.3,37.27,138,262,2018,3,20,1,22,1448.0,27.36
71,126,6.24,1,N,1,21.5,0.5,0.5,4.56,0.0,0.3,27.36,230,129,2018,3,20,1,23,6523.0,450.3
72,127,65.1,5,N,1,390.0,0.0,0.0,60.0,0.0,0.3,450.3,197,265,2018,3,21,2,0,1796.0,27.36
73,128,7.25,1,N,1,21.5,0.5,0.5,4.56,0.0,0.3,27.36,233,148,2018,3,21,2,0,1699.0,89.8
74,129,18.7,3,N,1,68.5,0.5,0.0,10.0,10.5,0.3,89.8,262,1,2018,3,21,2,4,2112.0,65.14999999999999
75,130,19.2,1,N,1,53.0,0.5,0.5,10.85,0.0,0.3,65.15,142,132,2018,3,21,2,4,1064.0,43.2
76,131,9.89,1,N,1,27.5,0.5,0.5,8.64,5.76,0.3,43.2,237,138,2018,3,21,2,5,894.0,27.96
77,132,7.6,1,N,1,22.5,0.0,0.5,4.66,0.0,0.3,27.96,236,87,2018,3,21,2,7,1983.0,65.16
78,133,19.6,1,N,1,53.5,0.0,0.5,10.86,0.0,0.3,65.16,132,80,2018,3,21,2,7,1089.0,32.24
79,134,7.66,1,N,1,24.0,0.0,0.5,7.44,0.0,0.3,32.24,231,237,2018,3,21,2,7,1700.0,47.46999999999999
80,135,10.8,1,N,1,33.0,0.0,0.5,7.91,5.76,0.3,47.47,142,138,2018,3,21,2,7,1129.0,42.66
81,136,10.1,1,N,1,29.0,0.0,0.5,7.1,5.76,0.3,42.66,138,244,2018,3,21,2,9,1608.0,36.35
82,137,9.4,1,N,1,29.5,0.0,0.5,6.05,0.0,0.3,36.35,132,160,2018,3,21,2,13,1508.0,33.959999999999994
83,138,8.37,1,N,1,27.5,0.0,0.5,5.66,0.0,0.3,33.96,140,231,2018,8,3,4,9,1436.0,34.559999999999995
84,139,9.47,1,N,1,28.0,0.0,0.5,5.76,0.0,0.3,34.56,13,263,2018,8,3,4,10,1292.0,39.73
85,140,8.01,1,N,1,24.0,0.0,0.5,9.17,5.76,0.3,39.73,138,75,2018,8,3,4,12,2626.0,51.06
86,141,10.2,1,N,1,36.0,0.0,0.5,8.5,5.76,0.3,51.06,48,138,2018,8,3,4,13,2845.0,55.27
87,142,9.49,1,N,1,39.5,0.0,0.5,9.21,5.76,0.3,55.27,138,186,2018,8,3,4,13,5658.0,61.3
88,143,4.59,1,N,1,52.5,0.0,0.5,8.0,0.0,0.3,61.3,162,231,2018,8,3,4,13,2369.0,28.55
89,144,2.5,1,N,1,23.0,0.0,0.5,4.75,0.0,0.3,28.55,107,48,2018,8,3,4,14,2511.0,30.36
90,145,2.75,1,N,1,24.5,0.0,0.5,5.06,0.0,0.3,30.36,141,48,2018,8,3,4,14,2119.0,29.75
91,146,5.5,1,N,1,24.0,0.0,0.5,4.95,0.0,0.3,29.75,170,42,2018,8,3,4,14,3424.0,40.56
92,147,4.09,1,N,1,33.0,0.0,0.5,6.76,0.0,0.3,40.56,88,186,2018,8,3,4,14,2531.0,30.35
93,148,1.6,1,N,1,23.5,0.0,0.5,6.05,0.0,0.3,30.35,211,211,2018,8,3,4,14,67.0,4.37
94,149,0.3,1,N,1,3.0,0.0,0.5,0.57,0.0,0.3,4.37,236,236,2018,8,3,4,14,4794.0,78.5
95,150,18.3,1,N,1,62.0,0.0,0.5,15.7,0.0,0.3,78.5,97,132,2018,8,3,4,15,3778.000000000001,61.8
96,151,12.8,1,N,1,50.0,0.0,0.5,11.0,0.0,0.3,61.8,132,181,2018,8,3,4,15,2667.0,35.15
97,152,4.7,1,N,1,27.5,1.0,0.5,5.85,0.0,0.3,35.15,100,186,2018,8,3,4,18,78.0,5.76
98,153,0.36,1,N,1,3.0,1.0,0.5,0.96,0.0,0.3,5.76,114,113,2018,8,3,4,19,1.0,5.15
99,154,1.0,1,N,1,2.5,1.0,0.5,0.85,0.0,0.3,5.15,137,137,2018,8,3,4,19,1609.0,45.66
100,155,10.2,1,N,1,31.0,0.5,0.5,7.6,5.76,0.3,45.66,138,163,2018,8,3,4,20,2345.0,31.6
101,156,2.9,1,N,1,24.0,0.5,0.5,6.3,0.0,0.3,31.6,163,68,2018,8,3,4,20,2165.0,48.16
102,157,9.8,1,N,1,31.0,1.0,0.5,9.6,5.76,0.3,48.16,161,138,2018,2,1,3,16,2193.0,66.07
103,158,17.21,1,N,1,47.5,1.0,0.5,11.01,5.76,0.3,66.07,132,242,2018,2,1,3,16,1974.0,46.95
104,159,9.83,1,N,1,30.0,1.0,0.5,9.39,5.76,0.3,46.95,233,138,2018,2,1,3,16,1936.0,54.36
105,160,15.79,1,N,1,43.5,1.0,0.5,9.06,0.0,0.3,54.36,132,145,2018,2,1,3,18,1672.0,30.8
106,161,7.6,1,N,1,25.0,1.0,0.5,4.0,0.0,0.3,30.8,249,152,2018,2,1,3,18,2010.0,48.67
107,162,11.1,1,N,1,33.0,1.0,0.5,8.11,5.76,0.3,48.67,211,138,2018,2,1,3,18,1435.0,47.84
108,163,12.69,1,N,1,35.0,1.0,0.5,11.04,0.0,0.3,47.84,132,223,2018,2,1,3,18,1826.0,29.8
109,164,6.4,1,N,1,24.5,1.0,0.5,3.5,0.0,0.3,29.8,233,33,2018,2,1,3,18,3073.0,65.8
110,165,14.78,4,N,1,54.0,1.0,0.5,10.0,0.0,0.3,65.8,138,265,2018,2,1,3,19,1906.0,30.36
111,166,5.75,1,N,1,23.5,1.0,0.5,5.06,0.0,0.3,30.36,87,225,2018,2,1,3,19,2851.0,66.07
112,167,16.7,1,N,1,47.5,1.0,0.5,11.01,5.76,0.3,66.07,45,208,2018,2,1,3,18,1942.0,30.0
113,169,6.23,1,N,1,25.5,0.5,0.5,3.2,0.0,0.3,30.0,233,255,2018,2,1,3,21,1805.0,27.36
114,170,7.06,1,N,1,28.0,0.5,0.5,7.01,5.76,0.3,42.07,162,198,2018,2,1,3,21,2184.0,44.3
115,171,5.44,1,N,1,21.5,0.5,0.5,4.56,0.0,0.3,27.36,186,25,2018,2,1,3,21,2661.0,38.83
116,172,12.53,1,N,1,39.0,0.5,0.5,4.0,0.0,0.3,44.3,79,243,2018,2,1,3,21,1470.0,41.0
117,173,9.0,1,N,1,34.0,0.5,0.5,3.53,0.0,0.3,38.83,43,17,2018,2,1,3,22,1352.0,27.36
118,174,12.28,1,N,1,34.5,0.5,0.5,5.2,0.0,0.3,41.0,170,185,2018,2,1,3,22,2002.0,29.75
119,176,5.1,1,N,1,23.5,0.5,0.5,4.95,0.0,0.3,29.75,230,148,2018,2,1,3,22,1725.0,30.36
120,177,7.3,1,N,1,21.5,0.5,0.5,4.56,0.0,0.3,27.36,132,28,2018,2,2,4,0,2224.0,67.88
121,179,6.59,1,N,1,24.0,0.5,0.5,5.06,0.0,0.3,30.36,230,255,2018,4,9,0,23,1055.0,44.92999999999999
122,180,19.03,1,N,1,53.0,0.5,0.5,13.58,0.0,0.3,67.88,249,37,2018,4,9,0,23,1420.0,62.46
123,181,10.8,1,N,1,30.5,0.5,0.5,7.5,5.76,0.3,45.06,138,127,2018,4,9,0,23,1353.0,42.06999999999999
124,182,9.28,1,N,1,27.5,0.5,0.5,10.37,5.76,0.3,44.93,138,236,2018,4,9,0,23,1622.0,26.22
125,183,16.9,1,N,1,45.0,0.5,0.5,10.4,5.76,0.3,62.46,13,138,2018,4,10,1,5,1307.0,43.87
126,184,9.46,1,N,1,28.5,0.0,0.5,7.01,5.76,0.3,42.07,186,138,2018,4,10,1,6,1474.0,47.46999999999999
127,185,5.4,1,N,1,22.0,0.0,0.5,3.42,0.0,0.3,26.22,181,13,2018,4,10,1,7,2569.0,34.559999999999995
128,186,10.56,1,N,1,30.0,0.0,0.5,7.31,5.76,0.3,43.87,233,138,2018,4,10,1,8,1792.0,35.8
129,187,11.17,1,N,1,33.0,0.0,0.5,7.91,5.76,0.3,47.47,230,138,2018,4,10,1,8,2120.0,30.35
130,188,5.2,1,N,1,28.0,0.0,0.5,5.76,0.0,0.3,34.56,88,100,2018,4,10,1,8,2413.0,51.31999999999999
131,189,9.36,1,N,1,31.0,0.0,0.5,4.0,0.0,0.3,35.8,236,13,2018,4,10,1,10,1747.0,28.55
132,190,4.2,1,N,1,24.5,0.0,0.5,5.05,0.0,0.3,30.35,140,234,2018,4,10,1,9,2567.0,49.85999999999999
133,191,10.74,1,N,1,34.5,0.0,0.5,10.26,5.76,0.3,51.32,138,229,2018,4,10,1,10,2003.0,28.99
134,192,5.4,1,N,1,23.0,0.0,0.5,4.75,0.0,0.3,28.55,13,143,2018,4,10,1,10,1880.0,37.25
135,193,9.1,1,N,1,35.0,0.0,0.5,8.3,5.76,0.3,49.86,138,230,2018,4,10,1,10,2423.0,49.56
136,194,4.4,1,N,1,21.5,0.0,0.5,6.69,0.0,0.3,28.99,211,237,2018,4,10,1,11,1112.0,32.62
137,195,8.34,1,N,1,29.0,0.0,0.5,7.45,0.0,0.3,37.25,65,262,2018,4,10,1,11,1126.0,26.76
138,196,11.69,1,N,1,40.5,0.0,0.5,8.26,0.0,0.3,49.56,230,138,2018,4,10,1,11,1492.0,43.81
139,197,8.97,1,N,1,26.0,0.0,0.5,0.06,5.76,0.3,32.62,137,138,2018,4,10,1,12,3240.0,85.8
140,198,6.52,1,N,1,21.5,0.0,0.5,4.46,0.0,0.3,26.76,138,145,2018,4,10,1,13,2031.0,48.66
141,199,9.0,1,N,1,28.5,0.0,0.5,8.75,5.76,0.3,43.81,261,112,2018,4,10,1,13,2288.0,79.08
142,200,26.71,1,N,1,72.0,0.0,0.5,13.0,0.0,0.3,85.8,132,40,2018,4,10,1,14,2247.0,29.76
143,201,10.6,1,N,1,34.0,0.0,0.5,8.1,5.76,0.3,48.66,138,114,2018,4,10,1,14,1387.0,29.1
144,202,18.1,1,N,1,51.0,0.0,0.5,10.0,17.28,0.3,79.08,141,6,2018,4,10,1,14,1570.0,27.3
145,203,4.4,1,N,1,24.0,0.0,0.5,4.96,0.0,0.3,29.76,236,113,2018,4,10,1,14,2283.0,49.85999999999999
146,204,6.5,1,N,1,22.5,0.0,0.5,5.8,0.0,0.3,29.1,230,87,2018,1,12,4,10,2748.0,55.87
147,205,5.4,1,N,1,22.5,0.0,0.5,4.0,0.0,0.3,27.3,229,166,2018,1,12,4,11,2055.0,30.82
148,206,10.8,1,N,1,35.0,0.0,0.5,8.3,5.76,0.3,49.86,138,68,2018,1,12,4,11,2024.0,46.85999999999999
149,207,11.6,1,N,1,40.0,0.0,0.5,9.31,5.76,0.3,55.87,138,142,2018,1,12,4,12,2372.0,96.8
150,208,5.4,1,N,1,26.0,0.0,0.5,4.02,0.0,0.3,30.82,133,33,2018,1,12,4,12,2271.0,45.66
151,209,9.3,1,N,1,32.5,0.0,0.5,7.8,5.76,0.3,46.86,138,43,2018,1,12,4,13,3803.000000000001,103.55
152,210,17.1,3,N,1,67.5,0.0,0.0,16.1,12.9,0.3,96.8,68,1,2018,1,12,4,13,2476.0,39.06999999999999
153,211,8.8,1,N,1,31.5,0.0,0.5,7.6,5.76,0.3,45.66,264,68,2018,1,12,4,14,83.0,4.9
154,212,16.5,3,N,1,73.5,0.0,0.0,17.25,12.5,0.3,103.55,234,1,2018,1,12,4,14,2036.0,32.0
155,213,9.2,1,N,1,32.5,0.0,0.5,0.01,5.76,0.3,39.07,138,234,2018,1,12,4,14,1700.0,32.15
156,214,0.2,1,N,1,3.0,0.0,0.5,1.1,0.0,0.3,4.9,236,236,2018,1,12,4,14,2889.0,52.85999999999999
157,215,7.58,1,N,1,28.0,0.0,0.5,3.2,0.0,0.3,32.0,43,87,2018,1,12,4,14,1984.0,26.0
158,216,7.4,1,N,1,26.0,0.0,0.5,5.35,0.0,0.3,32.15,42,68,2018,1,12,4,15,71.0,5.76
159,217,9.3,1,N,1,36.5,1.0,0.5,8.8,5.76,0.3,52.86,138,213,2018,1,12,4,16,2056.0,30.96
160,218,3.8,1,N,1,21.5,1.0,0.5,2.7,0.0,0.3,26.0,237,114,2018,1,12,4,18,2472.0,36.1
161,219,0.37,1,N,1,3.0,1.0,0.5,0.96,0.0,0.3,5.76,237,237,2018,1,12,4,18,62.00000000000001,5.75
162,220,5.49,1,N,1,24.0,1.0,0.5,5.16,0.0,0.3,30.96,41,233,2018,1,12,4,18,2495.0,58.2
163,221,4.1,1,N,1,26.0,1.0,0.5,8.3,0.0,0.3,36.1,263,68,2018,1,12,4,18,2389.0,45.96
164,222,0.3,1,N,1,3.0,1.0,0.5,0.95,0.0,0.3,5.75,142,239,2018,1,12,4,19,1639.0,45.66
165,223,11.47,1,N,1,39.0,1.0,0.5,11.64,5.76,0.3,58.2,138,48,2018,1,12,4,19,2077.0,47.15
166,224,10.2,1,N,1,36.5,1.0,0.5,7.66,0.0,0.3,45.96,138,211,2018,1,12,4,19,3036.0,104.8
167,225,10.0,1,N,1,30.5,1.0,0.5,7.6,5.76,0.3,45.66,246,14,2018,1,12,4,19,3168.0,52.88
168,226,12.2,1,N,1,38.5,0.0,0.5,7.85,0.0,0.3,47.15,249,138,2018,7,12,3,8,1684.0,87.74
169,227,18.13,3,N,1,72.0,0.0,0.0,10.0,22.5,0.3,104.8,43,1,2018,7,12,3,8,3057.0,37.25
170,228,13.19,1,N,1,41.5,0.0,0.5,10.58,0.0,0.3,52.88,138,40,2018,7,12,3,9,2708.0,58.57999999999999
171,229,15.9,3,N,1,61.0,0.0,0.0,11.44,15.0,0.3,87.74,48,1,2018,7,12,3,9,2399.0,52.27
172,230,3.37,1,N,1,29.0,0.0,0.5,7.45,0.0,0.3,37.25,237,113,2018,7,12,3,11,3052.0,54.67
173,232,11.54,1,N,1,38.5,0.0,0.5,13.52,5.76,0.3,58.58,138,170,2018,7,12,3,12,1744.0,38.46
174,233,10.4,1,N,1,37.0,0.0,0.5,8.71,5.76,0.3,52.27,100,138,2018,7,12,3,12,2285.0,45.06999999999999
175,234,10.27,1,N,1,39.0,0.0,0.5,9.11,5.76,0.3,54.67,138,68,2018,7,12,3,15,2695.0,51.67
176,235,7.16,1,N,1,24.5,0.0,0.5,5.06,0.0,0.3,30.36,237,209,2018,7,12,3,15,1481.0,28.56
177,236,8.0,1,N,1,25.5,0.0,0.5,6.4,5.76,0.3,38.46,263,138,2018,7,12,3,15,3005.0,55.06
178,237,9.0,1,N,1,31.0,0.0,0.5,7.51,5.76,0.3,45.07,137,138,2018,7,12,3,15,2309.0,51.95
179,238,10.76,1,N,1,36.5,0.0,0.5,8.61,5.76,0.3,51.67,237,138,2018,7,12,3,15,2978.0,44.15
180,239,5.9,1,N,1,23.0,0.0,0.5,4.76,0.0,0.3,28.56,161,88,2018,7,12,3,15,2636.0,56.9
181,240,10.45,1,N,1,38.5,1.0,0.5,9.0,5.76,0.3,55.06,138,163,2018,7,12,3,16,1223.0,35.489999999999995
182,241,10.1,1,N,1,34.0,1.0,0.5,10.39,5.76,0.3,51.95,107,138,2018,7,12,3,16,1023.0,32.849999999999994
183,242,8.5,1,N,1,35.0,1.0,0.5,7.35,0.0,0.3,44.15,161,144,2018,7,12,3,16,1150.0,45.67
184,243,12.4,1,N,1,42.0,1.0,0.5,13.1,0.0,0.3,56.9,138,132,2018,7,12,3,18,1213.0,38.02
185,244,8.86,1,N,1,26.0,0.5,0.5,8.19,0.0,0.3,35.49,249,89,2018,11,1,3,2,4038.000000000001,51.3
186,245,8.2,1,N,1,25.0,0.5,0.5,6.55,0.0,0.3,32.85,148,7,2018,11,1,3,2,1948.0,47.46
187,246,10.72,1,N,1,31.0,0.5,0.5,7.61,5.76,0.3,45.67,161,138,2018,11,1,3,5,1730.0,31.56
188,247,9.1,1,N,1,26.5,0.0,0.5,4.96,5.76,0.3,38.02,107,138,2018,11,1,3,6,2126.0,63.67
189,248,10.7,1,N,1,47.0,0.0,0.5,3.5,0.0,0.3,51.3,234,76,2018,11,1,3,7,1761.0,27.96
190,249,9.9,1,N,1,33.0,0.0,0.5,7.9,5.76,0.3,47.46,162,138,2018,11,1,3,7,2452.0,36.79
191,250,6.5,1,Y,1,25.5,0.0,0.5,5.26,0.0,0.3,31.56,161,65,2018,11,1,3,8,1130.0,30.36
192,251,16.0,1,N,1,46.5,0.0,0.5,10.61,5.76,0.3,63.67,261,138,2018,11,1,3,9,2566.0,32.16
193,252,5.71,1,N,1,22.5,0.0,0.5,4.66,0.0,0.3,27.96,107,225,2018,11,1,3,9,2123.0,30.96
194,253,5.54,1,N,1,27.5,0.0,0.5,8.49,0.0,0.3,36.79,161,261,2018,11,1,3,10,1261.0,31.55
195,254,7.62,1,N,1,24.5,0.0,0.5,5.06,0.0,0.3,30.36,161,244,2018,11,1,3,10,2147.0,46.23
196,255,3.95,1,N,1,26.0,0.0,0.5,5.36,0.0,0.3,32.16,186,148,2018,11,1,3,11,2089.0,78.35
197,256,4.75,1,N,1,25.0,0.0,0.5,5.16,0.0,0.3,30.96,140,68,2018,11,1,3,11,2802.0,54.06999999999999
198,257,8.2,1,N,1,25.5,0.0,0.5,5.25,0.0,0.3,31.55,263,261,2018,11,1,3,11,2307.0,51.56
199,258,6.67,1,N,1,29.0,0.0,0.5,10.67,5.76,0.3,46.23,68,157,2018,11,1,3,12,1941.0,34.27
200,259,24.7,1,N,1,64.5,0.0,0.5,13.05,0.0,0.3,78.35,132,228,2018,11,1,3,12,2772.0,35.349999999999994
201,260,9.19,1,N,1,38.5,0.0,0.5,9.01,5.76,0.3,54.07,138,164,2018,11,1,3,13,2227.0,64.27
202,261,11.28,1,N,1,38.0,0.0,0.5,7.0,5.76,0.3,51.56,161,138,2018,11,1,3,12,1846.0,41.46999999999999
203,262,8.5,1,N,1,29.0,0.0,0.5,4.47,0.0,0.3,34.27,89,113,2018,11,1,3,14,2564.0,48.37
204,263,3.9,1,N,1,27.5,0.0,0.5,7.05,0.0,0.3,35.35,137,143,2018,11,1,3,14,1942.0,33.95
205,264,16.65,1,N,1,47.0,0.0,0.5,10.71,5.76,0.3,64.27,100,138,2018,11,1,3,14,1569.0,92.82
206,265,8.39,1,N,1,28.0,0.0,0.5,6.91,5.76,0.3,41.47,138,166,2018,11,1,3,15,1440.0,40.87
207,266,10.55,1,N,1,35.5,0.0,0.5,6.31,5.76,0.3,48.37,234,138,2018,11,1,3,15,2052.0,42.36
208,267,8.0,1,N,1,27.5,0.0,0.5,5.65,0.0,0.3,33.95,138,255,2018,11,1,3,15,2163.0,54.06999999999999
209,268,16.52,3,N,1,62.0,0.0,0.0,15.47,15.05,0.3,92.82,68,1,2018,3,22,3,13,2452.0,53.81999999999999
210,269,8.59,1,N,1,27.5,0.0,0.5,6.81,5.76,0.3,40.87,138,230,2018,3,22,3,12,1414.0,45.06
211,270,10.27,1,N,1,34.5,0.0,0.5,7.06,0.0,0.3,42.36,161,138,2018,3,22,3,12,1426.0,48.16
212,271,12.18,1,N,1,38.5,0.0,0.5,9.01,5.76,0.3,54.07,161,138,2018,3,22,3,12,1334.0,46.87
213,272,9.35,1,N,1,36.5,0.0,0.5,10.76,5.76,0.3,53.82,138,100,2018,3,22,3,12,1938.0,45.67
214,273,10.6,1,N,1,31.0,0.0,0.5,7.5,5.76,0.3,45.06,161,138,2018,3,22,3,13,1245.0,29.16
215,274,11.0,1,N,1,32.0,0.0,0.5,9.6,5.76,0.3,48.16,162,138,2018,3,22,3,13,2042.0,30.36
216,275,11.43,1,N,1,32.5,0.0,0.5,7.81,5.76,0.3,46.87,162,138,2018,3,22,3,14,1818.0,42.56
217,276,9.39,1,N,1,31.5,0.0,0.5,7.61,5.76,0.3,45.67,234,138,2018,3,22,3,15,1494.0,43.81999999999999
218,277,7.34,1,N,1,23.5,0.0,0.5,4.86,0.0,0.3,29.16,162,231,2018,3,22,3,15,3756.000000000001,69.92
219,278,4.8,1,N,1,24.5,0.0,0.5,5.06,0.0,0.3,30.36,141,158,2018,3,22,3,15,3224.0,56.76
220,279,8.7,1,N,1,29.0,0.0,0.5,7.0,5.76,0.3,42.56,138,107,2018,3,22,3,15,1851.0,44.46999999999999
221,280,8.68,1,N,1,27.5,1.0,0.5,8.76,5.76,0.3,43.82,138,229,2018,3,22,3,17,2792.0,58.2
222,281,19.7,1,N,1,59.0,1.0,0.5,9.12,0.0,0.3,69.92,132,181,2018,3,22,3,16,1114.0,43.27
223,282,12.62,1,N,1,45.5,1.0,0.5,9.46,0.0,0.3,56.76,132,97,2018,3,22,3,16,1540.0,45.66
224,283,8.63,1,N,1,29.5,1.0,0.5,7.41,5.76,0.3,44.47,138,166,2018,3,22,3,17,1076.0,27.96
225,284,10.06,1,N,1,39.0,1.0,0.5,11.64,5.76,0.3,58.2,186,138,2018,3,22,3,17,1433.0,43.87
226,285,9.93,1,N,1,28.5,1.0,0.5,7.21,5.76,0.3,43.27,138,233,2018,3,22,3,18,1292.0,42.06
227,286,9.4,1,N,1,30.5,1.0,0.5,7.6,5.76,0.3,45.66,138,237,2018,3,22,3,19,1661.0,52.26
228,287,6.91,1,N,1,21.5,1.0,0.5,4.66,0.0,0.3,27.96,209,263,2018,3,22,3,19,1773.0,48.94
229,288,9.7,1,N,1,29.0,1.0,0.5,7.31,5.76,0.3,43.87,138,239,2018,3,22,3,19,1519.0,38.75
230,289,10.01,1,N,1,29.0,0.5,0.5,6.0,5.76,0.3,42.06,138,239,2018,3,22,3,20,2595.0,48.35
231,290,12.5,1,N,1,36.5,0.5,0.5,8.7,5.76,0.3,52.26,138,68,2018,3,22,3,20,2396.0,28.8
232,291,12.59,1,N,1,37.5,0.5,0.5,7.5,2.64,0.3,48.94,68,200,2018,2,22,3,20,2441.0,32.76
233,292,10.1,1,N,1,31.0,0.5,0.5,6.45,0.0,0.3,38.75,249,244,2018,3,22,3,21,2062.0,33.36
234,293,13.1,1,N,1,39.5,0.0,0.5,8.05,0.0,0.3,48.35,138,261,2018,12,15,5,17,2006.0,37.88
235,294,2.65,1,N,1,24.0,0.0,0.5,4.0,0.0,0.3,28.8,140,164,2018,12,15,5,18,1562.0,29.1
236,295,5.26,1,N,1,26.5,0.0,0.5,5.46,0.0,0.3,32.76,75,211,2018,12,15,5,18,1977.0,51.67
237,296,7.23,1,N,1,27.0,0.0,0.5,5.56,0.0,0.3,33.36,48,33,2018,12,15,5,19,1935.0,43.2
238,298,8.39,1,N,1,29.5,0.0,0.5,7.58,0.0,0.3,37.88,230,261,2018,12,15,5,19,2331.0,32.76
239,299,7.1,1,N,1,22.5,0.0,0.5,5.8,0.0,0.3,29.1,263,148,2018,12,15,5,19,2410.0,32.24
240,300,11.45,1,N,1,36.0,0.5,0.5,8.61,5.76,0.3,51.67,144,138,2018,12,15,5,20,1408.0,35.76
241,301,7.58,1,N,1,27.5,0.5,0.5,8.64,5.76,0.3,43.2,48,40,2018,12,15,5,20,1619.0,27.95
242,302,7.49,1,N,1,22.0,0.5,0.5,7.26,5.76,0.3,36.32,170,95,2018,12,15,5,20,2418.0,33.36
243,303,5.08,1,N,1,26.0,0.5,0.5,5.46,0.0,0.3,32.76,68,236,2018,12,15,5,20,1201.0,28.55
244,304,2.88,1,N,1,23.5,0.5,0.5,7.44,0.0,0.3,32.24,264,264,2018,12,15,5,21,1774.0,34.27
245,305,9.23,1,N,1,28.5,0.5,0.5,5.96,0.0,0.3,35.76,132,37,2018,12,15,5,21,2159.0,30.36
246,306,5.5,1,N,1,22.0,0.5,0.5,4.65,0.0,0.3,27.95,249,140,2018,12,15,5,21,3046.0,40.55
247,307,5.3,1,N,1,26.5,0.5,0.5,5.56,0.0,0.3,33.36,249,236,2018,12,15,5,22,1186.0,40.06
248,308,6.6,1,N,1,22.5,0.5,0.5,4.75,0.0,0.3,28.55,116,48,2018,12,15,5,22,1773.0,28.56
249,309,9.4,1,N,1,28.5,0.5,0.5,4.47,0.0,0.3,34.27,236,52,2018,12,15,5,22,1558.0,27.35
250,310,4.84,1,N,1,24.0,0.5,0.5,5.06,0.0,0.3,30.36,90,262,2018,12,15,5,22,2023.0,37.44
251,311,7.3,1,N,1,32.5,0.5,0.5,6.75,0.0,0.3,40.55,142,181,2018,12,15,5,22,1288.0,28.55
252,312,8.5,1,N,1,25.0,0.5,0.5,8.0,5.76,0.3,40.06,224,257,2018,12,15,5,22,1580.0,27.36
253,313,5.58,1,N,1,22.5,0.5,0.5,4.76,0.0,0.3,28.56,142,209,2018,12,15,5,23,1167.0,32.16
254,314,6.3,1,N,1,21.5,0.5,0.5,4.55,0.0,0.3,27.35,79,151,2018,12,16,6,0,2003.0,51.95
255,315,6.97,1,N,1,27.5,0.5,0.5,8.64,0.0,0.3,37.44,79,166,2018,12,16,6,0,1831.0,48.66
256,316,6.4,1,N,1,22.5,0.5,0.5,4.75,0.0,0.3,28.55,186,166,2018,12,16,6,1,1474.0,39.96
257,317,5.8,1,N,1,21.5,0.5,0.5,4.56,0.0,0.3,27.36,249,262,2018,12,16,6,1,2979.0,40.55
258,318,8.96,1,N,1,26.0,0.0,0.5,5.36,0.0,0.3,32.16,263,66,2018,3,13,1,13,1664.0,60.7
259,319,10.6,1,N,1,35.0,0.0,0.5,10.39,5.76,0.3,51.95,138,230,2018,3,13,1,13,1782.0,83.16
260,320,10.5,1,N,1,34.0,0.0,0.5,8.1,5.76,0.3,48.66,138,230,2018,3,13,1,14,1071.0,33.349999999999994
261,321,11.5,1,N,1,32.5,0.0,0.5,6.66,0.0,0.3,39.96,264,264,2018,3,13,1,14,1686.0,46.27
262,322,6.9,1,N,1,33.0,0.0,0.5,6.75,0.0,0.3,40.55,170,141,2018,3,13,1,15,1835.0,43.56
263,323,15.12,1,N,1,42.0,0.0,0.5,12.14,5.76,0.3,60.7,138,200,2018,3,13,1,15,2023.0,44.76
264,324,14.66,3,N,1,58.5,0.0,0.0,13.86,10.5,0.3,83.16,186,1,2018,3,13,1,15,1557.0,33.5
265,325,8.7,1,N,1,26.0,1.0,0.5,5.55,0.0,0.3,33.35,138,49,2018,3,13,1,16,1311.0,70.8
266,326,9.87,1,N,1,31.0,1.0,0.5,7.71,5.76,0.3,46.27,138,230,2018,3,13,1,17,1716.0,31.55
267,327,10.55,1,N,1,34.5,1.0,0.5,7.26,0.0,0.3,43.56,138,61,2018,3,13,1,17,798.0,34.27
268,328,11.37,1,N,1,35.5,1.0,0.5,7.46,0.0,0.3,44.76,138,181,2018,3,13,1,17,1104.0,90.96
269,329,7.2,1,N,1,25.0,1.0,0.5,6.7,0.0,0.3,33.5,162,97,2018,3,13,1,18,988.0,27.96
270,330,13.2,3,N,1,53.0,1.0,0.0,4.0,12.5,0.3,70.8,125,1,2018,3,13,1,18,1389.0,46.87
271,331,7.0,1,N,1,25.0,0.5,0.5,5.25,0.0,0.3,31.55,231,43,2018,3,13,1,19,2865.0,70.86
272,332,7.56,1,N,1,21.5,0.5,0.5,5.71,5.76,0.3,34.27,138,42,2018,3,13,1,20,2082.0,44.76
273,333,11.43,5,N,1,65.0,0.0,0.0,15.16,10.5,0.3,90.96,48,265,2018,3,13,1,19,2056.0,41.6
274,334,7.22,1,N,1,22.0,0.5,0.5,4.66,0.0,0.3,27.96,87,263,2018,3,13,1,20,2928.0,54.06
275,335,10.94,1,N,1,32.5,0.0,0.5,7.81,5.76,0.3,46.87,138,243,2018,12,27,3,11,1375.0,30.36
276,336,17.2,1,N,1,52.5,0.0,0.5,11.8,5.76,0.3,70.86,138,231,2018,12,27,3,12,2538.0,51.66
277,337,11.65,1,N,1,36.5,0.0,0.5,7.46,0.0,0.3,44.76,249,138,2018,12,27,3,13,2822.0,43.3
278,338,10.8,1,N,1,35.0,0.0,0.5,0.04,5.76,0.3,41.6,48,138,2018,12,27,3,14,2524.0,29.15
279,339,10.9,1,N,1,38.5,0.0,0.5,9.0,5.76,0.3,54.06,138,230,2018,12,27,3,14,3580.0,72.3
280,340,7.83,1,N,1,24.5,0.0,0.5,5.06,0.0,0.3,30.36,132,135,2018,12,27,3,15,3141.0,46.8
281,341,11.1,1,N,1,36.5,0.0,0.5,8.6,5.76,0.3,51.66,138,163,2018,12,27,3,15,3460.0,75.95
282,342,9.6,1,N,1,36.5,0.0,0.5,6.0,0.0,0.3,43.3,138,36,2018,12,27,3,15,2216.0,55.27
283,343,2.3,1,N,1,22.5,1.0,0.5,4.85,0.0,0.3,29.15,236,230,2018,12,27,3,16,844.0,27.96
284,344,19.45,1,N,1,58.5,1.0,0.5,12.0,0.0,0.3,72.3,132,133,2018,12,27,3,17,1165.0,30.95
285,345,9.6,1,N,1,38.0,1.0,0.5,7.0,0.0,0.3,46.8,138,17,2018,12,27,3,17,1543.0,50.75
286,346,21.2,5,N,1,63.0,0.0,0.0,12.65,0.0,0.3,75.95,132,243,2018,12,27,3,17,2179.0,38.76
287,347,11.83,1,N,1,39.0,0.5,0.5,9.21,5.76,0.3,55.27,138,48,2018,12,27,3,21,940.0,33.5
288,349,7.4,1,N,1,22.0,0.5,0.5,4.66,0.0,0.3,27.96,138,80,2018,12,27,3,22,966.0,34.3
289,350,8.0,1,N,1,24.5,0.5,0.5,5.15,0.0,0.3,30.95,68,116,2018,12,27,3,22,2679.0,56.31
290,351,15.1,1,N,1,41.0,0.5,0.5,8.45,0.0,0.3,50.75,132,85,2018,7,22,6,23,2210.0,44.15
291,352,8.66,1,N,1,31.0,0.5,0.5,6.46,0.0,0.3,38.76,90,63,2018,7,23,0,0,3299.0,52.85999999999999
292,353,8.91,1,N,1,25.5,0.5,0.5,6.7,0.0,0.3,33.5,148,223,2018,7,23,0,0,2077.0,49.87
293,354,15.6,4,N,1,47.5,0.5,0.5,7.0,0.0,0.3,55.8,138,265,2018,7,23,0,1,2615.0,95.76
294,355,10.63,1,N,1,29.0,0.5,0.5,4.0,0.0,0.3,34.3,132,82,2018,7,23,0,1,2191.0,38.5
295,356,11.0,1,N,1,38.5,0.0,0.5,11.25,5.76,0.3,56.31,113,138,2018,7,23,0,6,1769.0,85.56
296,358,11.6,1,N,1,36.0,0.0,0.5,7.35,0.0,0.3,44.15,132,61,2018,7,23,0,8,2303.0,50.06
297,359,10.0,1,N,1,37.5,0.0,0.5,8.8,5.76,0.3,52.86,138,162,2018,7,23,0,9,1510.0,36.36
298,360,10.03,1,N,1,35.0,0.0,0.5,8.31,5.76,0.3,49.87,107,138,2018,7,23,0,9,2106.0,27.36
299,361,17.48,3,N,1,67.0,0.0,0.0,15.96,12.5,0.3,95.76,143,1,2018,7,23,0,9,1629.0,48.81999999999999
300,362,7.3,1,N,1,30.0,0.0,0.5,7.7,0.0,0.3,38.5,262,231,2018,7,23,0,9,993.0,36.06
301,363,14.25,3,N,1,58.5,0.0,0.0,14.26,12.5,0.3,85.56,158,1,2018,7,23,0,9,1362.0,43.63
302,364,7.84,1,N,1,27.5,0.0,0.5,5.66,0.0,0.3,33.96,237,65,2018,7,23,0,10,1578.0,27.96
303,365,10.8,1,N,1,36.5,0.0,0.5,7.0,5.76,0.3,50.06,138,230,2018,7,23,0,11,1647.0,30.36
304,366,9.1,1,N,1,29.5,0.0,0.5,6.06,0.0,0.3,36.36,140,138,2018,7,23,0,11,2583.0,72.88
305,367,3.62,1,N,1,22.0,0.0,0.5,4.56,0.0,0.3,27.36,234,262,2018,7,23,0,12,26.0,47.75
306,368,10.6,1,N,1,32.5,0.0,0.5,9.76,5.76,0.3,48.82,138,43,2018,7,23,0,13,2628.0,49.75
307,369,8.0,1,N,1,23.5,0.0,0.5,6.0,5.76,0.3,36.06,138,170,2018,7,23,0,14,2061.0,29.75
308,370,8.21,1,N,1,27.0,0.0,0.5,10.07,5.76,0.3,43.63,138,162,2018,7,23,0,14,1762.0,28.8
309,371,5.54,1,N,1,22.5,0.0,0.5,4.66,0.0,0.3,27.96,186,166,2018,7,23,0,14,1191.0,34.099999999999994
310,372,6.11,1,N,1,24.5,0.0,0.5,5.06,0.0,0.3,30.36,237,231,2018,7,23,0,15,1611.0,55.3
311,373,20.22,1,N,1,56.5,1.0,0.5,14.58,0.0,0.3,72.88,132,14,2018,7,23,0,16,1778.0,41.15
312,374,11.7,1,N,1,38.0,1.0,0.5,7.95,0.0,0.3,47.75,61,61,2018,7,23,0,17,1457.0,39.75
313,375,11.94,1,N,1,38.5,0.5,0.5,9.95,0.0,0.3,49.75,132,49,2018,6,30,5,23,1454.0,29.75
314,376,5.3,1,N,1,23.5,0.5,0.5,4.95,0.0,0.3,29.75,249,263,2018,1,1,0,0,968.0,32.76
315,377,6.77,1,N,1,25.0,0.5,0.5,2.5,0.0,0.3,28.8,179,238,2018,1,1,0,0,2439.0,77.16
316,378,8.3,1,N,1,26.0,0.5,0.5,6.8,0.0,0.3,34.1,264,264,2018,1,1,0,1,1880.0,57.57999999999999
317,379,9.34,1,N,1,29.0,0.5,0.5,25.0,0.0,0.3,55.3,79,257,2018,1,1,0,1,89.0,4.73
318,380,10.5,1,N,1,33.0,0.5,0.5,6.85,0.0,0.3,41.15,170,243,2018,1,1,0,1,1136.0,34.15
319,381,9.7,1,N,1,30.5,0.5,0.5,7.95,0.0,0.3,39.75,224,244,2018,1,1,0,1,1437.0,32.75
320,382,6.8,1,N,1,23.5,0.5,0.5,4.95,0.0,0.3,29.75,50,80,2018,1,1,0,2,1856.0,34.55
321,383,8.8,1,N,1,26.0,0.5,0.5,5.46,0.0,0.3,32.76,48,127,2018,1,1,0,2,1120.0,29.3
322,384,23.04,1,N,1,63.0,0.5,0.5,12.86,0.0,0.3,77.16,83,56,2018,1,1,0,2,1059.0,43.60999999999999
323,385,13.05,1,N,1,39.0,0.5,0.5,11.52,5.76,0.3,57.58,80,116,2018,1,1,0,2,2002.0,57.8
324,387,0.3,1,N,1,3.0,0.5,0.5,0.43,0.0,0.3,4.73,107,107,2018,1,1,0,2,1080.0,36.56
325,388,8.5,1,N,1,25.0,0.5,0.5,7.85,0.0,0.3,34.15,132,63,2018,1,1,0,3,1589.0,56.95
326,390,7.9,1,N,1,26.0,0.5,0.5,5.45,0.0,0.3,32.75,231,236,2018,1,1,0,4,1920.0,101.16
327,391,8.2,1,N,1,27.5,0.5,0.5,5.75,0.0,0.3,34.55,249,223,2018,1,1,0,4,1396.0,38.75
328,392,7.8,1,N,1,24.0,0.5,0.5,4.0,0.0,0.3,29.3,164,116,2018,1,1,0,5,1166.0,30.95
329,393,9.6,1,N,1,27.0,0.0,0.5,10.05,5.76,0.3,43.61,164,138,2018,1,1,0,6,1563.0,43.87
330,394,10.48,1,N,1,37.0,0.0,0.5,20.0,0.0,0.3,57.8,264,264,2018,1,1,0,7,1302.0,35.76
331,395,7.9,1,N,1,24.0,0.0,0.5,6.2,0.0,0.3,31.0,7,114,2018,1,1,0,10,1706.0,32.16
332,396,9.0,1,N,1,26.0,0.0,0.5,4.0,5.76,0.3,36.56,138,234,2018,1,1,0,11,1209.0,40.85999999999999
333,397,13.71,1,N,1,39.0,0.0,0.5,11.39,5.76,0.3,56.95,163,138,2018,1,1,0,11,1626.0,49.27
334,398,7.56,1,N,1,22.0,0.0,0.5,4.44,5.76,0.3,33.0,138,263,2018,1,1,0,14,1920.0,51.8
335,399,19.19,3,N,1,69.0,0.0,0.0,16.86,15.0,0.3,101.16,230,1,2018,1,1,0,14,2138.0,60.67
336,400,10.9,1,N,1,31.5,0.0,0.5,6.45,0.0,0.3,38.75,138,198,2018,1,1,0,15,76.0,7.15
337,401,8.1,1,N,1,25.0,0.0,0.5,5.15,0.0,0.3,30.95,231,166,2018,1,1,0,15,2501.0,37.85
338,402,9.57,1,N,1,30.0,0.0,0.5,7.31,5.76,0.3,43.87,186,95,2018,1,1,0,15,1756.0,42.95
339,403,9.67,1,N,1,28.5,0.5,0.5,5.96,0.0,0.3,35.76,148,42,2018,2,20,1,22,1686.0,42.62
340,404,7.67,1,N,1,25.5,0.5,0.5,5.36,0.0,0.3,32.16,112,230,2018,2,20,1,22,1981.0,33.36
341,405,8.8,1,N,1,27.0,0.5,0.5,6.8,5.76,0.3,40.86,138,100,2018,2,21,2,1,3129.0,56.31999999999999
342,406,11.38,1,N,1,34.5,0.0,0.5,8.21,5.76,0.3,49.27,230,138,2018,2,21,2,6,1425.0,30.95
343,407,12.96,1,N,1,39.0,0.0,0.5,12.0,0.0,0.3,51.8,224,242,2018,2,21,2,8,958.0,26.76
344,408,15.16,1,N,1,44.0,0.0,0.5,10.11,5.76,0.3,60.67,138,87,2018,2,21,2,8,1403.0,30.36
345,409,0.25,1,N,1,3.0,0.0,0.5,3.35,0.0,0.3,7.15,90,90,2018,2,21,2,8,2562.0,58.16
346,410,5.8,1,N,1,29.5,0.0,0.5,7.55,0.0,0.3,37.85,87,230,2018,2,21,2,9,2584.0,54.45
347,411,11.3,1,N,1,35.0,0.0,0.5,7.15,0.0,0.3,42.95,113,138,2018,2,21,2,9,1740.0,50.76
348,412,9.39,1,N,1,30.5,0.0,0.5,5.56,5.76,0.3,42.62,138,236,2018,2,21,2,10,1063.0,38.46
349,413,7.04,1,N,1,27.0,0.0,0.5,5.56,0.0,0.3,33.36,239,261,2018,2,21,2,10,1480.0,43.60999999999999
350,414,10.83,1,N,1,38.5,0.0,0.5,11.26,5.76,0.3,56.32,161,227,2018,2,21,2,11,1570.0,44.56
351,415,7.5,1,N,1,25.0,0.0,0.5,5.15,0.0,0.3,30.95,162,231,2018,2,21,2,11,1651.0,36.66
352,416,7.06,1,N,1,21.5,0.0,0.5,4.46,0.0,0.3,26.76,141,129,2018,2,21,2,11,1403.0,36.0
353,417,6.84,1,N,1,24.5,0.0,0.5,5.06,0.0,0.3,30.36,13,161,2018,2,21,2,11,2825.0,61.27
354,418,11.1,1,N,1,40.0,0.0,0.5,11.6,5.76,0.3,58.16,230,138,2018,2,21,2,11,1777.0,31.0
355,419,8.48,1,N,1,37.0,0.0,0.5,10.89,5.76,0.3,54.45,138,161,2018,2,21,2,12,2958.0,101.15
356,420,14.9,1,N,1,41.5,0.0,0.5,8.46,0.0,0.3,50.76,132,210,2018,2,21,2,12,2071.0,30.35
357,421,8.7,1,N,1,25.5,0.0,0.5,6.4,5.76,0.3,38.46,138,233,2018,2,21,2,13,4061.000000000001,57.35
358,422,10.23,1,N,1,30.0,0.0,0.5,7.27,5.54,0.3,43.61,262,138,2018,2,21,2,12,2819.0,40.04
359,423,10.14,1,N,1,31.0,0.0,0.5,7.0,5.76,0.3,44.56,138,162,2018,2,21,2,13,4342.0,64.7
360,424,6.7,1,N,1,24.0,0.0,0.5,6.1,5.76,0.3,36.66,144,133,2018,2,21,2,14,2049.0,33.349999999999994
361,425,9.82,1,N,1,30.5,0.0,0.5,4.7,0.0,0.3,36.0,100,127,2018,2,21,2,14,1964.0,43.56
362,426,13.64,1,N,1,44.5,0.0,0.5,10.21,5.76,0.3,61.27,138,230,2018,2,21,2,15,85327.0,38.76
363,427,5.24,1,N,1,24.0,0.0,0.5,6.2,0.0,0.3,31.0,229,87,2018,12,4,1,14,2159.0,29.5
364,428,17.6,3,N,1,73.5,0.0,0.0,16.85,10.5,0.3,101.15,264,264,2018,12,4,1,14,3132.0,42.8
365,429,5.7,1,N,1,24.5,0.0,0.5,5.05,0.0,0.3,30.35,264,264,2018,12,4,1,15,1372.0,34.06
366,430,9.5,1,N,1,47.0,0.0,0.5,9.55,0.0,0.3,57.35,264,264,2018,12,4,1,15,2617.0,39.1
367,431,6.05,1,N,1,30.0,0.0,0.5,9.24,0.0,0.3,40.04,114,249,2018,12,4,1,15,2504.0,37.25
368,432,12.5,1,N,1,50.0,1.0,0.5,12.9,0.0,0.3,64.7,231,138,2018,12,4,1,16,1244.0,38.46999999999999
369,433,7.2,1,N,1,26.0,1.0,0.5,5.55,0.0,0.3,33.35,161,66,2018,12,4,1,16,1819.0,36.8
370,434,9.12,1,N,1,29.0,1.0,0.5,7.0,5.76,0.3,43.56,138,164,2018,12,4,1,16,1632.0,27.36
371,435,6.0,1,N,1,30.5,1.0,0.5,6.46,0.0,0.3,38.76,163,148,2018,12,4,1,16,1300.0,30.35
372,436,6.59,1,N,1,25.0,1.0,0.5,2.7,0.0,0.3,29.5,137,52,2018,12,4,1,17,1494.0,27.95
373,437,5.7,1,N,1,34.0,1.0,0.5,7.0,0.0,0.3,42.8,87,100,2018,12,4,1,17,2341.0,39.35
374,438,6.8,1,N,1,22.5,1.0,0.5,4.0,5.76,0.3,34.06,138,41,2018,12,4,1,17,1681.0,28.5
375,439,6.5,1,N,1,29.5,1.0,0.5,7.8,0.0,0.3,39.1,87,230,2018,12,4,1,18,1605.0,29.12
376,440,5.7,1,N,1,28.0,1.0,0.5,7.45,0.0,0.3,37.25,87,163,2018,12,4,1,18,1675.0,33.36
377,441,8.09,1,N,1,24.5,1.0,0.5,6.41,5.76,0.3,38.47,138,262,2018,12,4,1,18,1410.0,33.95
378,442,9.89,1,N,1,31.0,1.0,0.5,4.0,0.0,0.3,36.8,261,42,2018,12,4,1,19,1900.0,51.66
379,443,5.24,1,N,1,21.5,0.5,0.5,4.56,0.0,0.3,27.36,43,231,2018,12,4,1,19,2912.0,62.56
380,444,7.8,1,N,1,24.0,0.5,0.5,5.05,0.0,0.3,30.35,87,262,2018,12,4,1,20,1459.0,31.62
381,446,6.0,1,N,1,22.0,0.5,0.5,4.65,0.0,0.3,27.95,68,97,2018,12,4,1,21,1838.0,47.46999999999999
382,447,8.6,1,N,1,31.5,0.5,0.5,6.55,0.0,0.3,39.35,164,189,2018,12,4,1,21,1782.0,46.63999999999999
383,448,5.89,1,N,1,21.5,0.5,0.5,5.7,0.0,0.3,28.5,234,7,2018,12,4,1,22,2471.0,30.35
384,449,6.25,1,N,1,22.0,0.5,0.5,5.82,0.0,0.3,29.12,79,7,2018,12,4,1,22,1388.0,28.8
385,451,7.9,1,N,1,26.5,0.5,0.5,5.56,0.0,0.3,33.36,43,66,2018,12,4,1,22,2075.0,88.4
386,452,8.4,1,N,1,27.0,0.5,0.5,5.65,0.0,0.3,33.95,148,7,2018,12,4,1,23,2315.0,50.46999999999999
387,453,11.8,1,N,1,36.5,0.0,0.5,8.6,5.76,0.3,51.66,138,186,2018,11,12,0,9,1506.0,42.67
388,454,12.4,1,N,1,44.0,0.0,0.5,12.0,5.76,0.3,62.56,138,161,2018,11,12,0,9,2178.0,31.59
389,455,7.18,1,N,1,24.5,0.0,0.5,6.32,0.0,0.3,31.62,234,166,2018,11,12,0,10,1992.0,56.46999999999999
390,456,12.3,1,N,1,36.5,0.0,0.5,8.6,5.76,0.3,51.66,138,68,2018,11,12,0,11,1761.0,38.76
391,457,9.8,1,N,1,33.0,0.0,0.5,7.91,5.76,0.3,47.47,100,138,2018,11,12,0,11,1717.0,45.7
392,458,10.4,1,N,1,32.0,0.0,0.5,8.08,5.76,0.3,46.64,239,138,2018,11,12,0,12,3764.000000000001,66.07
393,459,3.2,1,N,1,24.5,0.0,0.5,5.05,0.0,0.3,30.35,234,237,2018,11,12,0,12,2452.0,51.74
394,460,6.54,1,N,1,24.0,0.0,0.5,4.0,0.0,0.3,28.8,264,264,2018,11,12,0,12,2601.0,49.27
395,461,15.22,1,N,1,41.5,0.0,0.5,12.02,5.76,0.3,60.08,239,138,2018,11,12,0,13,2610.0,50.46
396,462,14.77,3,N,1,61.0,0.0,0.0,10.0,17.1,0.3,88.4,164,1,2018,11,12,0,13,2509.0,55.35
397,463,9.94,1,N,1,35.5,0.0,0.5,8.41,5.76,0.3,50.47,138,43,2018,11,12,0,14,1807.0,28.55
398,464,8.82,1,N,1,29.0,0.0,0.5,7.11,5.76,0.3,42.67,138,161,2018,11,12,0,14,1472.0,35.76
399,465,4.0,1,N,1,23.5,0.0,0.5,7.29,0.0,0.3,31.59,239,170,2018,11,12,0,14,2219.0,41.76
400,466,13.6,1,N,1,40.5,0.0,0.5,9.41,5.76,0.3,56.47,13,138,2018,11,12,0,15,1523.0,49.8
401,467,9.7,1,N,1,31.5,0.0,0.5,6.46,0.0,0.3,38.76,229,138,2018,11,12,0,15,4120.0,79.11999999999999
402,468,9.69,1,N,1,30.0,0.0,0.5,9.14,5.76,0.3,45.7,138,162,2018,11,12,0,16,1597.0,35.76
403,469,11.38,1,N,1,48.5,0.0,0.5,11.01,5.76,0.3,66.07,230,138,2018,11,12,0,16,920.0,39.06
404,470,12.17,1,N,1,39.0,0.0,0.5,11.94,0.0,0.3,51.74,132,17,2018,11,12,0,17,1588.0,30.36
405,471,8.74,1,N,1,34.5,0.0,0.5,8.21,5.76,0.3,49.27,264,264,2018,11,12,0,17,2426.0,34.559999999999995
406,472,8.0,1,N,1,34.5,1.0,0.5,8.4,5.76,0.3,50.46,138,233,2018,11,12,0,17,2317.0,52.87
407,473,13.6,1,N,1,42.5,1.0,0.5,11.05,0.0,0.3,55.35,132,181,2018,11,12,0,19,2474.0,30.36
408,474,4.7,1,N,1,22.5,0.5,0.5,4.75,0.0,0.3,28.55,164,145,2018,9,7,4,23,1426.0,40.27
409,475,9.14,1,N,1,28.5,0.5,0.5,5.96,0.0,0.3,35.76,97,262,2018,9,8,5,0,1744.0,41.31
410,476,10.0,1,N,1,33.5,0.5,0.5,6.96,0.0,0.3,41.76,163,61,2018,9,8,5,2,2288.0,28.56
411,477,15.4,1,N,1,43.0,0.0,0.5,6.0,0.0,0.3,49.8,132,146,2018,9,8,5,6,3123.0,97.56
412,478,21.8,1,N,1,68.0,0.0,0.5,10.32,0.0,0.3,79.12,39,42,2018,9,8,5,9,1535.0,35.0
413,479,8.56,1,N,1,29.0,0.0,0.5,5.96,0.0,0.3,35.76,263,66,2018,9,8,5,10,3187.0,39.35
414,480,8.08,1,N,1,22.5,0.0,0.5,10.0,5.76,0.3,39.06,138,233,2018,9,8,5,11,1666.0,44.46999999999999
415,482,4.43,1,N,1,28.0,0.0,0.5,5.76,0.0,0.3,34.56,186,238,2018,9,8,5,11,61.00000000000001,5.16
416,483,9.94,1,N,1,37.5,0.0,0.5,8.81,5.76,0.3,52.87,230,138,2018,9,8,5,12,1352.0,26.76
417,484,4.06,1,N,1,24.5,0.0,0.5,5.06,0.0,0.3,30.36,100,148,2018,9,8,5,12,1124.0,35.06
418,485,8.41,1,N,1,27.0,0.0,0.5,6.71,5.76,0.3,40.27,138,107,2018,9,8,5,13,1888.0,27.3
419,486,9.7,1,N,1,31.0,0.0,0.5,3.75,5.76,0.3,41.31,90,138,2018,9,8,5,13,55.0,4.55
420,487,3.3,1,N,1,23.0,0.0,0.5,4.76,0.0,0.3,28.56,246,237,2018,9,8,5,13,2227.0,29.12
421,488,14.61,3,N,1,68.5,0.0,0.0,16.26,12.5,0.3,97.56,232,1,2018,9,8,5,14,3306.0,62.56
422,489,9.85,1,N,1,29.0,0.0,0.5,5.2,0.0,0.3,35.0,138,65,2018,9,8,5,14,3258.0,63.2
423,490,5.0,1,N,1,32.0,0.0,0.5,6.55,0.0,0.3,39.35,162,114,2018,9,8,5,14,2161.0,33.36
424,491,9.81,1,N,1,30.5,0.0,0.5,7.41,5.76,0.3,44.47,138,142,2018,9,8,5,14,2171.0,57.57999999999999
425,492,7.19,1,N,1,24.0,0.5,0.5,5.06,0.0,0.3,30.36,164,7,2018,6,11,0,2,1455.0,40.26
426,493,0.39,1,N,1,3.0,0.5,0.5,0.86,0.0,0.3,5.16,158,158,2018,6,11,0,5,2185.0,53.2
427,494,5.37,1,N,1,21.5,0.0,0.5,4.46,0.0,0.3,26.76,141,152,2018,6,11,0,6,86.0,4.75
428,495,8.2,1,N,1,24.5,0.0,0.5,4.0,5.76,0.3,35.06,170,138,2018,6,11,0,6,2286.0,56.31999999999999
429,496,5.32,1,N,1,23.0,0.0,0.5,3.5,0.0,0.3,27.3,24,233,2018,6,11,0,8,2212.0,28.56
430,497,0.2,1,N,1,3.0,0.0,0.5,0.75,0.0,0.3,4.55,164,161,2018,6,11,0,8,57.0,4.56
431,498,2.63,1,N,1,22.5,0.0,0.5,5.82,0.0,0.3,29.12,163,68,2018,6,11,0,9,1500.0,45.06999999999999
432,499,12.4,1,N,1,46.0,0.0,0.5,10.0,5.76,0.3,62.56,138,230,2018,6,11,0,9,1559.0,30.36
433,500,11.99,1,N,1,44.0,0.0,0.5,12.64,5.76,0.3,63.2,138,161,2018,6,11,0,9,1656.0,42.67
434,501,6.01,1,N,1,27.0,0.0,0.5,5.56,0.0,0.3,33.36,97,246,2018,6,11,0,9,1621.0,44.46
435,502,12.9,1,N,1,39.5,0.0,0.5,11.52,5.76,0.3,57.58,163,138,2018,6,11,0,10,2227.0,36.35
436,503,8.4,1,N,1,27.0,0.0,0.5,6.7,5.76,0.3,40.26,138,233,2018,6,11,0,10,1821.0,48.36
437,504,11.18,1,N,1,36.0,0.0,0.5,10.64,5.76,0.3,53.2,164,138,2018,6,11,0,10,2554.0,51.56
438,505,0.2,1,N,1,3.0,0.0,0.5,0.95,0.0,0.3,4.75,237,237,2018,6,11,0,11,3876.000000000001,49.56
439,506,11.85,1,N,1,38.5,0.0,0.5,11.26,5.76,0.3,56.32,138,162,2018,6,11,0,11,1733.0,35.16
440,507,3.58,1,N,1,23.0,0.0,0.5,4.76,0.0,0.3,28.56,263,186,2018,6,11,0,11,2807.0,103.3
441,508,0.27,1,N,1,3.0,0.0,0.5,0.76,0.0,0.3,4.56,263,263,2018,6,11,0,12,2104.0,42.62
442,509,10.4,1,N,1,31.0,0.0,0.5,7.51,5.76,0.3,45.07,162,138,2018,6,11,0,13,1710.0,49.26
443,510,7.0,1,N,1,24.5,0.0,0.5,5.06,0.0,0.3,30.36,163,33,2018,6,11,0,13,2776.0,57.25
444,511,8.93,1,N,1,29.0,0.0,0.5,7.11,5.76,0.3,42.67,138,170,2018,6,11,0,14,2509.0,30.96
445,512,10.4,1,N,1,30.5,0.0,0.5,7.4,5.76,0.3,44.46,161,138,2018,6,11,0,14,1867.0,26.76
446,513,7.8,1,N,1,29.5,0.0,0.5,6.05,0.0,0.3,36.35,163,223,2018,6,11,0,14,2340.0,43.10999999999999
447,514,13.39,1,N,1,39.5,0.0,0.5,8.06,0.0,0.3,48.36,132,91,2018,6,11,0,15,1986.0,49.27
448,515,12.1,1,N,1,39.0,0.0,0.5,6.0,5.76,0.3,51.56,138,246,2018,6,11,0,15,1952.0,28.56
449,516,7.86,1,N,1,40.5,0.0,0.5,8.26,0.0,0.3,49.56,138,163,2018,6,11,0,15,1962.0,42.56
450,517,8.65,1,N,1,28.5,0.0,0.5,5.86,0.0,0.3,35.16,138,255,2018,6,11,0,15,1821.0,27.36
451,518,17.35,3,N,1,69.5,1.0,0.0,15.0,17.5,0.3,103.3,100,1,2018,6,11,0,15,2103.0,48.81
452,519,8.76,1,N,1,29.5,1.0,0.5,5.56,5.76,0.3,42.62,138,233,2018,6,11,0,16,1623.0,31.56
453,520,6.8,5,N,1,35.0,0.0,0.0,8.2,5.76,0.3,49.26,223,239,2018,9,16,6,14,1692.0,27.96
454,521,15.2,1,N,1,45.0,0.0,0.5,11.45,0.0,0.3,57.25,132,112,2018,9,16,6,14,1826.0,27.96
455,522,3.55,1,N,1,25.0,0.0,0.5,5.16,0.0,0.3,30.96,232,68,2018,9,16,6,13,1265.0,36.07
456,523,4.09,1,N,1,21.5,0.0,0.5,4.46,0.0,0.3,26.76,262,100,2018,9,16,6,15,2865.0,35.76
457,524,9.16,1,N,1,31.0,0.0,0.5,5.55,5.76,0.3,43.11,186,138,2018,9,16,6,16,1099.0,38.46
458,525,11.0,1,N,1,34.5,0.0,0.5,8.21,5.76,0.3,49.27,138,142,2018,9,16,6,15,1991.0,39.35
459,526,4.24,1,N,1,23.0,0.0,0.5,4.76,0.0,0.3,28.56,142,179,2018,9,16,6,16,1785.0,47.46
460,527,9.63,1,N,1,32.0,0.0,0.5,4.0,5.76,0.3,42.56,138,238,2018,9,16,6,16,1652.0,40.26
461,528,4.91,1,N,1,22.0,0.0,0.5,4.56,0.0,0.3,27.36,141,223,2018,9,16,6,16,1377.0,31.3
462,529,8.8,1,N,1,32.5,0.0,0.5,9.75,5.76,0.3,48.81,138,166,2018,9,16,6,17,763.0,38.41
463,530,7.33,1,N,1,25.5,0.0,0.5,5.26,0.0,0.3,31.56,113,166,2018,9,16,6,17,1416.0,44.16
464,531,5.55,1,N,1,22.5,0.0,0.5,4.66,0.0,0.3,27.96,113,75,2018,9,16,6,17,1304.0,39.36
465,532,5.63,1,N,1,22.5,0.0,0.5,4.66,0.0,0.3,27.96,249,75,2018,9,16,6,18,1601.0,51.53
466,533,7.66,1,N,1,23.5,0.0,0.5,6.01,5.76,0.3,36.07,263,138,2018,9,16,6,19,1451.0,54.36
467,534,5.72,1,N,1,29.0,0.0,0.5,5.96,0.0,0.3,35.76,186,97,2018,9,16,6,19,1828.0,36.95
468,535,8.6,1,N,1,25.0,0.5,0.5,6.4,5.76,0.3,38.46,138,107,2018,9,16,6,20,1985.0,95.8
469,536,7.8,1,N,1,29.0,0.5,0.5,9.05,0.0,0.3,39.35,230,196,2018,9,16,6,20,4740.0,65.14999999999999
470,537,10.6,1,N,1,32.5,0.5,0.5,7.9,5.76,0.3,47.46,163,138,2018,9,16,6,20,1990.0,33.36
471,538,7.5,1,N,1,26.5,0.5,0.5,6.7,5.76,0.3,40.26,138,166,2018,9,16,6,21,1453.0,28.56
472,539,6.2,1,N,1,22.0,0.5,0.5,8.0,0.0,0.3,31.3,50,97,2018,9,16,6,22,2507.0,44.46999999999999
473,540,8.0,1,N,1,22.5,0.5,0.5,8.85,5.76,0.3,38.41,138,263,2018,9,16,6,22,1699.0,32.15
474,541,12.33,1,N,1,35.5,0.5,0.5,7.36,0.0,0.3,44.16,138,231,2018,9,16,6,23,1172.0,25.8
475,542,10.85,1,N,1,31.5,0.5,0.5,6.56,0.0,0.3,39.36,138,234,2018,9,16,6,22,2199.0,49.26
476,543,13.42,1,N,1,39.0,0.5,0.5,8.59,2.64,0.3,51.53,114,220,2018,9,16,6,23,1324.0,43.2
477,544,15.95,1,N,1,44.0,0.5,0.5,9.06,0.0,0.3,54.36,132,145,2018,9,17,0,1,2034.0,30.96
478,545,8.9,1,N,1,30.0,0.0,0.5,6.15,0.0,0.3,36.95,132,131,2018,9,17,0,6,2040.0,52.26
479,546,18.1,3,N,1,67.5,0.0,0.0,10.0,18.0,0.3,95.8,239,1,2018,9,17,0,6,1766.0,43.56
480,547,12.2,1,N,1,53.5,0.0,0.5,10.85,0.0,0.3,65.15,132,256,2018,9,17,0,6,2129.0,43.55
481,548,7.74,1,N,1,27.0,0.0,0.5,5.56,0.0,0.3,33.36,33,161,2018,9,17,0,7,1304.0,29.12
482,549,6.59,1,N,1,23.0,0.0,0.5,4.76,0.0,0.3,28.56,238,231,2018,9,17,0,8,2258.0,37.55
483,550,7.17,1,N,1,30.5,0.0,0.5,7.41,5.76,0.3,44.47,170,37,2018,9,17,0,7,2241.0,59.0
484,551,7.9,1,N,1,26.0,0.0,0.5,5.35,0.0,0.3,32.15,138,255,2018,9,17,0,7,1277.0,42.57999999999999
485,552,6.4,1,N,1,22.5,0.0,0.5,2.5,0.0,0.3,25.8,237,87,2018,9,17,0,7,1295.0,29.16
486,553,10.8,1,N,1,33.5,1.0,0.5,8.2,5.76,0.3,49.26,138,230,2018,10,22,0,17,1575.0,33.12
487,554,8.85,1,N,1,27.0,1.0,0.5,8.64,5.76,0.3,43.2,138,236,2018,10,22,0,18,1655.0,37.8
488,555,5.35,1,N,1,24.0,1.0,0.5,5.16,0.0,0.3,30.96,158,17,2018,10,22,0,19,1088.0,38.56999999999999
489,556,11.4,1,N,1,36.0,1.0,0.5,8.7,5.76,0.3,52.26,138,142,2018,10,22,0,19,2305.0,36.95
490,557,11.75,1,N,1,35.0,0.5,0.5,7.26,0.0,0.3,43.56,138,181,2018,10,22,0,20,1186.0,36.95
491,558,10.5,1,N,1,35.0,0.5,0.5,7.25,0.0,0.3,43.55,142,95,2018,10,22,0,20,1633.0,49.26
492,559,6.72,1,N,1,22.0,0.5,0.5,5.82,0.0,0.3,29.12,234,40,2018,10,22,0,22,2801.0,51.67
493,560,8.1,1,Y,1,30.0,0.5,0.5,6.25,0.0,0.3,37.55,142,49,2018,10,22,0,22,1978.0,38.16
494,561,17.56,1,N,1,50.0,0.5,0.5,7.7,0.0,0.3,59.0,132,37,2018,10,22,0,22,3475.0,58.57999999999999
495,562,8.98,1,N,1,27.0,0.5,0.5,8.52,5.76,0.3,42.58,138,151,2018,10,22,0,23,3193.0,63.06999999999999
496,563,7.04,1,N,1,23.0,0.5,0.5,4.86,0.0,0.3,29.16,170,25,2018,10,22,0,22,2110.0,30.38
497,564,8.56,1,N,1,27.5,0.5,0.5,4.32,0.0,0.3,33.12,48,52,2018,10,22,0,22,1366.0,44.45
498,565,9.85,1,N,1,30.5,0.5,0.5,6.0,0.0,0.3,37.8,234,89,2018,10,22,0,23,1621.0,42.06999999999999
499,566,9.55,1,N,1,28.0,0.5,0.5,3.51,5.76,0.3,38.57,138,239,2018,10,22,0,23,1967.0,30.96
500,567,6.7,1,N,1,29.5,0.5,0.5,6.15,0.0,0.3,36.95,164,106,2018,10,22,0,23,84.0,4.56
501,568,10.4,1,N,1,29.5,0.5,0.5,6.15,0.0,0.3,36.95,230,95,2018,10,23,1,3,2271.0,47.75
502,569,11.7,1,N,1,34.5,0.0,0.5,8.2,5.76,0.3,49.26,142,138,2018,10,23,1,6,1814.0,42.06999999999999
503,570,9.78,1,N,1,36.5,0.0,0.5,8.61,5.76,0.3,51.67,138,237,2018,10,23,1,7,2037.0,48.67
504,571,10.24,1,N,1,31.0,0.0,0.5,6.36,0.0,0.3,38.16,138,33,2018,10,23,1,7,1487.0,29.75
505,572,10.14,1,N,1,38.5,0.0,0.5,13.52,5.76,0.3,58.58,138,161,2018,10,23,1,8,1040.0,29.1
506,573,12.38,1,N,1,46.0,0.0,0.5,10.51,5.76,0.3,63.07,138,161,2018,10,23,1,9,1808.0,26.76
507,574,4.86,1,N,1,23.5,0.0,0.5,6.08,0.0,0.3,30.38,236,164,2018,10,23,1,9,1290.0,27.36
508,575,9.29,1,N,1,29.0,0.0,0.5,8.89,5.76,0.3,44.45,164,138,2018,10,23,1,9,1319.0,27.35
509,576,9.03,1,N,1,28.5,0.0,0.5,7.01,5.76,0.3,42.07,138,24,2018,4,21,5,12,1861.0,28.55
510,577,5.96,1,N,1,25.0,0.0,0.5,5.16,0.0,0.3,30.96,48,112,2018,4,21,5,12,2263.0,32.16
511,578,0.11,1,N,1,3.0,0.0,0.5,0.76,0.0,0.3,4.56,230,100,2018,4,21,5,13,1205.0,27.36
512,579,12.8,1,N,1,39.0,0.0,0.5,7.95,0.0,0.3,47.75,138,87,2018,4,21,5,13,1452.0,29.75
513,580,9.1,1,N,1,28.5,0.0,0.5,7.01,5.76,0.3,42.07,138,237,2018,4,21,5,13,1769.0,38.7
514,581,11.26,1,N,1,34.0,0.0,0.5,8.11,5.76,0.3,48.67,138,162,2018,4,21,5,14,1596.0,27.8
515,582,7.2,1,N,1,24.0,0.0,0.5,4.95,0.0,0.3,29.75,140,33,2018,4,21,5,14,1334.0,39.75
516,583,7.5,1,N,1,22.5,0.0,0.5,5.8,0.0,0.3,29.1,244,48,2018,4,21,5,15,2423.0,63.81
517,584,4.93,1,N,1,21.5,0.0,0.5,4.46,0.0,0.3,28.71,144,188,2018,4,21,5,15,1621.0,33.959999999999994
518,585,7.12,1,N,1,22.0,0.0,0.5,4.56,0.0,0.3,27.36,13,141,2018,4,21,5,16,1762.0,52.57999999999999
519,586,6.4,1,N,1,22.0,0.0,0.5,4.55,0.0,0.3,27.35,25,14,2018,4,21,5,16,2195.0,48.67
520,587,5.2,1,N,1,23.0,0.0,0.5,4.75,0.0,0.3,28.55,246,263,2018,4,21,5,17,1598.0,53.3
521,588,4.97,1,N,1,26.0,0.0,0.5,5.36,0.0,0.3,32.16,87,100,2018,4,21,5,17,1584.0,61.26
522,589,6.75,1,N,1,22.0,0.0,0.5,4.56,0.0,0.3,27.36,162,116,2018,4,21,5,18,2009.0,31.55
523,590,6.99,1,N,1,22.5,0.5,0.5,5.95,0.0,0.3,29.75,237,87,2018,4,21,5,20,2986.0,48.36
524,591,8.6,1,N,1,28.5,0.5,0.5,8.9,0.0,0.3,38.7,141,95,2018,4,21,5,21,1873.0,60.3
525,592,5.6,1,N,1,23.0,0.5,0.5,3.5,0.0,0.3,27.8,13,239,2018,4,21,5,21,1996.0,36.14
526,593,10.33,1,N,1,30.5,0.5,0.5,7.95,0.0,0.3,39.75,138,191,2018,4,21,5,21,1011.0,41.46999999999999
527,594,14.7,1,N,1,44.0,0.5,0.5,12.75,5.76,0.3,63.81,230,11,2018,1,24,2,20,1089.0,27.96
528,595,7.67,1,N,1,27.0,0.5,0.5,5.66,0.0,0.3,33.96,68,42,2018,1,24,2,20,1007.0,29.75
529,596,11.17,1,N,1,35.0,0.5,0.5,10.52,5.76,0.3,52.58,138,163,2018,1,24,2,20,1389.0,29.75
530,597,9.1,1,N,1,33.5,0.5,0.5,8.11,5.76,0.3,48.67,138,48,2018,1,24,2,21,1297.0,32.16
531,598,16.2,1,N,1,44.0,0.5,0.5,8.0,0.0,0.3,53.3,132,255,2018,1,24,2,21,1231.0,43.85999999999999
532,599,16.0,1,N,1,44.0,0.5,0.5,10.2,5.76,0.3,61.26,138,50,2018,1,24,2,21,1251.0,44.46999999999999
533,600,6.4,1,N,1,25.0,0.5,0.5,5.25,0.0,0.3,31.55,234,61,2018,1,24,2,21,2253.0,56.31999999999999
534,601,11.21,1,N,1,39.0,0.5,0.5,8.06,0.0,0.3,48.36,170,91,2018,1,24,2,22,1937.0,38.15
535,602,18.9,1,N,1,51.0,0.5,0.5,8.0,0.0,0.3,60.3,132,33,2018,1,24,2,22,1936.0,54.36
536,603,6.82,1,N,1,26.5,0.5,0.5,8.34,0.0,0.3,36.14,114,179,2018,1,24,2,22,1368.0,38.46999999999999
537,604,9.7,1,N,1,27.5,0.5,0.5,6.91,5.76,0.3,41.47,138,141,2018,1,24,2,23,2372.0,47.92
538,605,6.93,1,N,1,22.0,0.5,0.5,4.66,0.0,0.3,27.96,170,112,2018,1,25,3,0,2401.0,33.3
539,606,7.8,1,N,1,23.5,0.5,0.5,4.95,0.0,0.3,29.75,237,33,2018,1,25,3,1,1917.0,49.87
540,607,7.0,1,N,1,23.5,0.5,0.5,4.95,0.0,0.3,29.75,246,80,2018,1,25,3,2,1551.0,31.62
541,608,8.21,1,N,1,25.5,0.5,0.5,5.36,0.0,0.3,32.16,230,95,2018,1,25,3,2,1854.0,26.18
542,609,10.3,1,N,1,29.5,0.5,0.5,7.3,5.76,0.3,43.86,68,138,2018,1,25,3,4,2337.0,42.36
543,610,10.59,1,N,1,30.5,0.0,0.5,7.41,5.76,0.3,44.47,43,138,2018,1,25,3,6,1930.0,30.96
544,611,12.5,1,N,1,38.5,0.0,0.5,11.26,5.76,0.3,56.32,48,138,2018,1,25,3,7,1315.0,42.06999999999999
545,612,9.1,1,N,1,31.0,0.0,0.5,6.35,0.0,0.3,38.15,261,166,2018,1,25,3,9,1101.0,33.62
546,613,15.81,1,N,1,44.5,0.0,0.5,9.06,0.0,0.3,54.36,132,146,2018,1,25,3,10,1772.0,33.5
547,614,8.42,1,N,1,24.5,1.0,0.5,6.41,5.76,0.3,38.47,138,107,2018,2,13,1,15,1761.0,27.96
548,615,10.03,1,N,1,36.0,1.0,0.5,4.36,5.76,0.3,47.92,138,230,2018,2,13,1,16,1144.0,30.96
549,616,6.5,1,N,1,27.5,1.0,0.5,4.0,0.0,0.3,33.3,211,24,2018,2,13,1,17,35.0,59.76
550,617,11.08,1,N,1,34.0,1.0,0.5,8.31,5.76,0.3,49.87,138,161,2018,2,13,1,16,1567.0,29.8
551,618,7.17,1,N,1,23.5,1.0,0.5,6.32,0.0,0.3,31.62,239,79,2018,2,13,1,17,992.0,35.89
552,619,4.69,1,N,1,22.0,1.0,0.5,2.38,0.0,0.3,26.18,24,186,2018,2,13,1,18,2161.0,44.75
553,620,10.21,1,N,1,33.5,1.0,0.5,7.06,0.0,0.3,42.36,138,25,2018,2,13,1,18,2002.0,40.38
554,621,5.81,1,N,1,24.0,1.0,0.5,5.16,0.0,0.3,32.91,100,255,2018,2,13,1,18,1358.0,30.36
555,622,9.06,1,N,1,28.0,0.5,0.5,7.01,5.76,0.3,42.07,138,238,2018,2,13,1,20,1045.0,38.46999999999999
556,623,7.62,1,N,1,23.5,0.5,0.5,3.06,5.76,0.3,33.62,138,41,2018,2,13,1,20,1870.0,42.36
557,624,6.56,1,N,1,25.5,0.5,0.5,6.7,0.0,0.3,33.5,107,151,2018,2,13,1,20,1459.0,32.25
558,625,5.31,1,N,1,22.0,0.5,0.5,4.66,0.0,0.3,27.96,142,231,2018,2,13,1,21,1349.0,29.76
559,626,7.94,1,N,1,24.5,0.5,0.5,5.16,0.0,0.3,30.96,138,141,2018,2,13,1,21,2649.0,51.96
560,627,0.21,5,N,1,49.5,0.0,0.0,9.96,0.0,0.3,59.76,265,265,2018,2,13,1,22,2253.0,32.16
561,628,6.2,1,N,1,22.5,0.5,0.5,6.0,0.0,0.3,29.8,186,181,2018,2,13,1,22,1536.0,35.16
562,629,8.8,1,N,1,26.0,0.5,0.5,5.95,2.64,0.3,35.89,238,200,2018,2,14,2,0,3315.0,66.96
563,630,10.72,1,N,1,35.0,0.0,0.5,8.95,0.0,0.3,44.75,138,225,2018,8,25,5,11,1717.0,27.35
564,631,9.23,1,N,1,31.5,0.0,0.5,8.08,0.0,0.3,40.38,246,138,2018,8,25,5,11,1159.0,36.06
565,632,7.6,1,N,1,24.5,0.0,0.5,5.06,0.0,0.3,30.36,132,130,2018,8,25,5,11,1487.0,28.52
566,633,9.01,1,N,1,25.5,0.0,0.5,6.41,5.76,0.3,38.47,138,107,2018,8,25,5,11,2063.0,27.36
567,634,11.1,1,N,1,34.5,0.0,0.5,7.06,0.0,0.3,42.36,138,188,2018,8,25,5,12,1336.0,48.81
568,635,7.5,1,N,1,25.0,0.0,0.5,6.45,0.0,0.3,32.25,138,98,2018,8,25,5,13,1867.0,32.5
569,636,6.86,1,N,1,24.0,0.0,0.5,4.96,0.0,0.3,29.76,43,114,2018,8,25,5,14,2299.0,50.76
570,637,13.28,1,N,1,42.5,0.0,0.5,8.66,0.0,0.3,51.96,138,231,2018,8,25,5,14,2054.0,46.56
571,638,5.25,1,N,1,26.0,0.0,0.5,5.36,0.0,0.3,32.16,142,144,2018,8,25,5,15,1981.0,35.76
572,639,9.81,1,N,1,28.5,0.0,0.5,5.86,0.0,0.3,35.16,132,95,2018,8,25,5,15,2739.0,70.56
573,640,19.2,1,N,1,55.0,0.0,0.5,11.16,0.0,0.3,66.96,132,65,2018,8,25,5,16,2461.0,29.76
574,641,5.6,1,N,1,22.0,0.0,0.5,4.55,0.0,0.3,27.35,238,79,2018,8,25,5,16,2006.0,28.55
575,642,7.6,1,N,1,23.5,0.0,0.5,6.0,5.76,0.3,36.06,138,41,2018,8,25,5,17,1558.0,35.489999999999995
576,643,6.38,1,N,1,24.0,0.0,0.5,3.72,0.0,0.3,28.52,262,211,2018,8,25,5,17,1703.0,45.66
577,644,3.64,1,N,1,21.5,0.5,0.5,4.56,0.0,0.3,27.36,170,231,2018,8,25,5,20,3099.0,58.71999999999999
578,645,10.9,1,N,1,30.5,0.5,0.5,11.25,5.76,0.3,48.81,138,230,2018,8,25,5,20,2314.0,42.25
579,647,7.14,1,N,1,27.0,0.5,0.5,4.2,0.0,0.3,32.5,231,238,2018,8,25,5,21,2238.0,54.45
580,648,13.88,1,N,1,41.0,0.5,0.5,8.46,0.0,0.3,50.76,79,32,2018,8,25,5,23,1700.0,28.56
581,649,12.09,1,N,1,37.5,0.5,0.5,7.76,0.0,0.3,46.56,138,25,2018,8,25,5,23,78.0,5.76
582,650,7.56,1,N,1,28.5,0.5,0.5,5.96,0.0,0.3,35.76,90,112,2018,8,25,5,23,1809.0,32.879999999999995
583,651,21.53,1,N,1,58.0,0.0,0.5,11.76,0.0,0.3,70.56,132,181,2018,8,13,0,9,1822.0,30.96
584,652,3.92,1,N,1,24.0,0.0,0.5,4.96,0.0,0.3,29.76,263,170,2018,8,13,0,10,1647.0,43.06
585,653,5.2,1,N,1,23.0,0.0,0.5,4.75,0.0,0.3,28.55,238,137,2018,8,13,0,10,1622.0,29.12
586,654,7.47,1,N,1,26.5,0.0,0.5,8.19,0.0,0.3,35.49,231,161,2018,8,13,0,12,1814.0,45.66
587,655,9.4,1,N,1,30.0,0.0,0.5,9.1,5.76,0.3,45.66,162,129,2018,8,13,0,12,2413.0,28.56
588,656,12.5,1,N,1,44.5,0.0,0.5,7.66,5.76,0.3,58.72,161,130,2018,8,13,0,12,2126.0,32.15
589,657,9.3,1,N,1,33.0,0.0,0.5,8.45,0.0,0.3,42.25,138,163,2018,8,13,0,13,2042.0,36.0
590,658,7.0,1,N,1,23.0,0.0,0.5,4.75,0.0,0.3,28.55,231,170,2018,8,13,0,14,86154.0,30.24
591,659,10.76,1,N,1,36.0,1.0,0.5,10.89,5.76,0.3,54.45,163,138,2018,8,13,0,16,2018.0,26.3
592,660,5.24,1,N,1,22.0,1.0,0.5,4.76,0.0,0.3,28.56,161,223,2018,8,13,0,18,1554.0,40.87
593,661,0.26,1,N,1,3.0,1.0,0.5,0.96,0.0,0.3,5.76,162,163,2018,8,13,0,18,1761.0,37.56
594,662,6.25,1,N,1,25.0,0.5,0.5,6.58,0.0,0.3,32.88,87,142,2018,8,13,0,20,2367.0,49.27
595,663,7.03,1,N,1,24.5,0.5,0.5,5.16,0.0,0.3,30.96,249,202,2018,8,13,0,20,1635.0,34.55
596,664,9.2,1,N,1,29.5,0.5,0.5,6.5,5.76,0.3,43.06,234,257,2018,8,13,0,20,1380.0,40.87
597,665,5.68,1,N,1,22.0,0.5,0.5,5.82,0.0,0.3,29.12,234,179,2018,8,13,0,20,1926.0,27.03
598,666,10.4,1,N,1,30.0,0.0,0.5,9.1,5.76,0.3,45.66,138,229,2018,4,28,5,15,1047.0,27.95
599,667,2.54,1,N,1,23.0,0.0,0.5,4.76,0.0,0.3,28.56,68,170,2018,4,28,5,15,2734.0,41.62
600,668,5.9,1,N,1,26.0,0.0,0.5,5.35,0.0,0.3,32.15,239,231,2018,4,28,5,16,2500.0,85.8
601,669,8.7,1,N,1,30.0,0.0,0.5,5.2,0.0,0.3,36.0,138,229,2018,4,28,5,17,1558.0,30.36
602,670,6.26,1,N,1,25.5,0.0,0.5,3.94,0.0,0.3,30.24,13,164,2018,4,28,5,17,1655.0,27.96
603,671,3.8,1,N,1,22.0,0.0,0.5,3.5,0.0,0.3,26.3,141,68,2018,4,28,5,18,1575.0,33.959999999999994
604,672,9.25,1,N,1,27.5,0.0,0.5,6.81,5.76,0.3,40.87,138,236,2018,4,28,5,18,2510.0,49.87
605,673,9.7,1,N,1,30.0,0.5,0.5,6.26,0.0,0.3,37.56,48,127,2018,4,28,5,20,1502.0,45.56
606,674,9.66,1,N,1,34.0,0.5,0.5,8.21,5.76,0.3,49.27,230,52,2018,4,28,5,20,1456.0,36.3
607,675,8.6,1,N,1,27.5,0.5,0.5,5.75,0.0,0.3,34.55,138,237,2018,4,28,5,20,1978.0,35.76
608,676,8.87,1,N,1,27.0,0.5,0.5,6.81,5.76,0.3,40.87,138,137,2018,4,28,5,22,3774.000000000001,49.8
609,677,5.02,1,N,1,22.0,0.5,0.5,3.73,0.0,0.3,27.03,231,141,2018,4,28,5,22,3066.0,54.06999999999999
610,678,7.9,1,N,1,23.0,0.5,0.5,3.65,0.0,0.3,27.95,9,215,2018,4,28,5,22,1345.0,41.76
611,679,7.62,1,N,1,32.0,0.5,0.5,8.32,0.0,0.3,41.62,164,36,2018,4,28,5,23,1558.0,26.8
612,680,26.4,1,N,1,69.5,0.5,0.5,15.0,0.0,0.3,85.8,132,40,2018,3,31,5,20,2507.0,44.75
613,681,6.99,1,N,1,24.0,0.5,0.5,5.06,0.0,0.3,30.36,142,224,2018,3,31,5,22,1560.0,27.36
614,682,6.04,1,N,1,22.0,0.5,0.5,4.66,0.0,0.3,27.96,231,61,2018,3,31,5,22,1667.0,29.76
615,683,7.87,1,N,1,27.0,0.5,0.5,5.66,0.0,0.3,33.96,148,238,2018,3,31,5,23,1547.0,45.06999999999999
616,684,9.46,1,N,1,34.5,0.5,0.5,8.31,5.76,0.3,49.87,68,225,2018,3,31,5,23,2310.0,32.849999999999994
617,685,8.8,1,N,1,28.0,0.5,0.5,10.5,5.76,0.3,45.56,239,138,2018,3,1,3,5,1004.0,37.87
618,686,10.4,1,N,1,29.5,0.0,0.5,6.0,0.0,0.3,36.3,132,196,2018,3,1,3,6,1345.0,29.15
619,687,7.86,1,N,1,29.0,0.0,0.5,5.96,0.0,0.3,35.76,75,87,2018,3,1,3,8,2444.0,42.36
620,688,9.3,1,N,1,40.5,0.0,0.5,8.5,0.0,0.3,49.8,138,65,2018,3,1,3,8,1407.0,48.67
621,689,11.56,1,N,1,38.5,0.0,0.5,9.01,5.76,0.3,54.07,138,161,2018,3,1,3,8,1576.0,33.5
622,690,11.81,1,N,1,34.0,0.0,0.5,6.96,0.0,0.3,41.76,132,101,2018,3,1,3,9,1896.0,50.75
623,691,6.0,1,N,1,22.0,0.0,0.5,4.0,0.0,0.3,26.8,239,13,2018,3,1,3,9,1503.0,31.56
624,692,8.88,1,N,1,35.0,0.0,0.5,8.95,0.0,0.3,44.75,138,233,2018,3,1,3,10,85561.0,79.69
625,693,5.56,1,N,1,22.0,0.0,0.5,4.56,0.0,0.3,27.36,229,12,2018,3,1,3,10,1958.0,53.15
626,694,6.2,1,N,1,23.5,0.5,0.5,4.96,0.0,0.3,29.76,209,36,2018,9,28,4,22,1095.0,36.8
627,695,9.89,1,N,1,30.5,0.5,0.5,7.51,5.76,0.3,45.07,138,239,2018,9,28,4,22,1506.0,95.64
628,696,5.7,1,N,1,25.0,0.5,0.5,6.55,0.0,0.3,32.85,230,66,2018,9,28,4,23,2430.0,58.27
629,697,8.57,1,N,1,24.5,0.5,0.5,6.31,5.76,0.3,37.87,138,42,2018,9,28,4,23,1751.0,32.879999999999995
630,698,6.8,1,N,1,23.0,0.5,0.5,4.85,0.0,0.3,29.15,161,66,2018,9,28,4,23,1473.0,31.0
631,699,9.42,1,N,1,34.0,0.5,0.5,7.06,0.0,0.3,42.36,114,116,2018,9,28,4,23,1639.0,32.76
632,700,11.93,1,N,1,33.5,0.5,0.5,8.11,5.76,0.3,48.67,233,89,2018,9,29,5,0,2147.0,47.16
633,701,7.1,1,N,1,24.5,0.5,0.5,7.7,0.0,0.3,33.5,234,189,2018,9,29,5,2,2108.0,29.76
634,702,13.7,1,N,1,41.0,0.5,0.5,8.45,0.0,0.3,50.75,256,127,2018,9,29,5,2,2786.0,39.36
635,703,7.39,1,N,1,25.0,0.5,0.5,5.26,0.0,0.3,31.56,79,24,2018,9,29,5,3,1495.0,30.36
636,704,4.54,5,N,1,50.0,0.0,0.5,18.39,10.5,0.3,79.69,148,265,2018,9,29,5,3,1825.0,46.31999999999999
637,705,10.0,1,N,1,32.5,0.5,0.5,8.85,10.5,0.3,53.15,238,265,2018,9,29,5,4,1646.0,30.82
638,706,10.5,1,N,1,29.5,0.5,0.5,6.0,0.0,0.3,36.8,211,138,2018,9,29,5,5,41411.0,76.24
639,707,17.26,3,N,1,64.0,0.0,0.0,15.94,15.4,0.3,95.64,48,1,2018,9,29,5,6,1420.0,29.75
640,708,12.8,1,N,1,42.0,0.0,0.5,9.71,5.76,0.3,58.27,138,186,2018,9,29,5,9,2206.0,30.95
641,709,6.12,1,N,1,25.5,0.0,0.5,6.58,0.0,0.3,32.88,100,256,2018,9,29,5,10,1948.0,27.96
642,710,7.1,1,N,1,24.0,0.0,0.5,6.2,0.0,0.3,31.0,170,52,2018,9,29,5,10,1815.0,43.85999999999999
643,711,7.33,1,N,1,26.5,0.0,0.5,5.46,0.0,0.3,32.76,229,231,2018,9,29,5,10,3448.0,47.76
644,712,12.59,1,N,1,38.5,0.0,0.5,7.86,0.0,0.3,47.16,138,87,2018,9,29,5,11,1931.0,42.67
645,713,4.6,1,N,1,24.0,0.0,0.5,4.96,0.0,0.3,29.76,211,142,2018,9,29,5,11,2101.0,30.36
646,714,7.19,1,N,1,32.0,0.0,0.5,6.56,0.0,0.3,39.36,230,49,2018,9,29,5,13,1458.0,27.52
647,715,7.75,1,N,1,24.5,0.0,0.5,5.06,0.0,0.3,30.36,13,237,2018,9,29,5,14,3060.0,54.45
648,716,8.67,1,N,1,30.5,0.0,0.5,9.26,5.76,0.3,46.32,138,100,2018,5,9,2,12,2267.0,30.0
649,717,7.5,1,N,1,26.0,0.0,0.5,4.02,0.0,0.3,30.82,170,69,2018,5,9,2,12,5083.0,135.58999999999995
650,718,23.77,1,N,1,65.5,0.0,0.5,9.94,0.0,0.3,76.24,132,228,2018,5,9,2,12,2186.0,48.81999999999999
651,719,6.9,1,N,1,24.0,0.0,0.5,4.95,0.0,0.3,29.75,140,244,2018,5,9,2,12,3033.0,54.06
652,720,5.3,1,N,1,25.0,0.0,0.5,5.15,0.0,0.3,30.95,234,80,2018,5,9,2,13,2829.0,51.56
653,721,4.75,1,N,1,22.5,0.0,0.5,4.66,0.0,0.3,27.96,164,13,2018,5,9,2,14,3113.0,39.8
654,722,9.2,1,N,1,30.0,0.0,0.5,7.3,5.76,0.3,43.86,138,237,2018,5,9,2,14,3055.0,38.15
655,723,8.08,1,N,1,39.0,0.0,0.5,7.96,0.0,0.3,47.76,13,237,2018,5,9,2,15,2716.0,50.46999999999999
656,724,9.13,1,N,1,29.0,0.0,0.5,7.11,5.76,0.3,42.67,161,138,2018,5,9,2,15,1866.0,29.16
657,725,5.05,1,N,1,24.5,0.0,0.5,5.06,0.0,0.3,30.36,261,161,2018,5,9,2,15,3152.0,58.27
658,726,6.7,1,N,1,23.5,1.0,0.5,2.22,0.0,0.3,27.52,132,203,2018,5,9,2,16,2222.0,29.16
659,727,9.07,1,N,1,36.0,1.0,0.5,10.89,5.76,0.3,54.45,138,161,2018,5,9,2,16,2799.0,51.06
660,728,4.3,1,N,1,24.0,1.0,0.5,4.2,0.0,0.3,30.0,114,142,2018,5,9,2,16,2305.0,38.5
661,729,17.68,3,N,1,85.5,1.0,0.0,31.29,17.5,0.3,135.59,170,1,2018,5,9,2,15,2641.0,46.0
662,730,10.28,1,N,1,31.5,1.0,0.5,9.76,5.76,0.3,48.82,138,229,2018,5,9,2,15,2269.0,30.52
663,731,10.1,1,N,1,37.5,1.0,0.5,9.0,5.76,0.3,54.06,138,161,2018,5,9,2,16,2543.0,39.96
664,732,8.8,1,N,1,34.0,1.0,0.5,10.0,5.76,0.3,51.56,138,170,2018,5,9,2,16,1850.0,29.15
665,733,4.95,1,N,1,32.0,1.0,0.5,6.0,0.0,0.3,39.8,100,13,2018,5,9,2,16,1252.0,39.36
666,734,2.9,1,N,1,30.0,1.0,0.5,6.35,0.0,0.3,38.15,239,68,2018,5,9,2,17,2363.0,37.56
667,735,9.8,1,N,1,34.5,1.0,0.5,8.41,5.76,0.3,50.47,138,238,2018,5,9,2,17,1903.0,32.76
668,736,5.04,1,N,1,22.5,1.0,0.5,4.86,0.0,0.3,29.16,166,229,2018,5,9,2,17,1763.0,27.35
669,737,11.81,1,N,1,41.0,1.0,0.5,9.71,5.76,0.3,58.27,138,48,2018,5,9,2,17,1372.0,41.6
670,738,3.74,1,N,1,22.5,1.0,0.5,4.86,0.0,0.3,29.16,237,246,2018,5,9,2,18,2192.0,66.07
671,739,9.8,1,N,1,35.0,1.0,0.5,8.5,5.76,0.3,51.06,138,238,2018,5,9,2,18,110.0,4.56
672,740,7.11,1,N,1,29.0,1.0,0.5,7.7,0.0,0.3,38.5,164,188,2018,5,9,2,19,2910.0,48.96
673,741,9.5,1,N,1,35.0,1.0,0.5,9.2,0.0,0.3,46.0,138,142,2018,5,9,2,18,2525.0,55.07999999999999
674,742,5.41,1,N,1,26.5,1.0,0.5,2.22,0.0,0.3,30.52,231,164,2018,5,9,2,18,1632.0,44.46999999999999
675,743,8.32,1,N,1,31.5,1.0,0.5,6.66,0.0,0.3,39.96,43,52,2018,5,9,2,19,3124.0,65.16
676,744,4.8,1,N,1,22.5,1.0,0.5,4.85,0.0,0.3,29.15,50,112,2018,5,9,2,19,2332.0,32.75
677,745,10.92,1,N,1,31.5,0.5,0.5,6.56,0.0,0.3,39.36,138,97,2018,5,9,2,20,1905.0,46.87
678,746,7.77,1,N,1,30.0,0.5,0.5,6.26,0.0,0.3,37.56,249,7,2018,5,9,2,20,1444.0,43.81999999999999
679,747,7.59,1,N,1,26.0,0.5,0.5,5.46,0.0,0.3,32.76,68,52,2018,5,9,2,20,1871.0,48.56
680,748,5.4,1,N,1,21.5,0.5,0.5,4.55,0.0,0.3,27.35,87,188,2018,5,9,2,20,2090.0,51.67
681,749,11.5,1,N,1,32.0,0.5,0.5,8.3,0.0,0.3,41.6,132,171,2018,5,9,2,20,1663.0,51.31999999999999
682,750,16.31,1,N,1,48.0,0.5,0.5,11.01,5.76,0.3,66.07,138,13,2018,5,9,2,21,1337.0,33.95
683,751,0.2,1,N,1,3.0,0.0,0.5,0.76,0.0,0.3,4.56,142,43,2018,4,10,1,15,1658.0,30.96
684,752,12.79,1,N,1,40.0,0.0,0.5,8.16,0.0,0.3,48.96,87,138,2018,4,10,1,15,1741.0,30.03
685,753,10.62,1,N,1,37.5,0.0,0.5,11.02,5.76,0.3,55.08,138,163,2018,4,10,1,15,1140.0,33.36
686,754,10.35,1,N,1,30.5,0.0,0.5,7.41,5.76,0.3,44.47,138,162,2018,4,10,1,15,1315.0,45.3
687,755,17.99,1,N,1,53.5,0.0,0.5,10.86,0.0,0.3,65.16,132,97,2018,4,10,1,15,1920.0,34.8
688,756,5.1,1,N,1,25.5,1.0,0.5,5.45,0.0,0.3,32.75,230,209,2018,4,10,1,16,1442.0,32.16
689,757,9.62,1,N,1,31.5,1.0,0.5,7.81,5.76,0.3,46.87,138,186,2018,4,10,1,17,1531.0,31.0
690,758,9.14,1,N,1,27.5,1.0,0.5,8.76,5.76,0.3,43.82,138,107,2018,4,10,1,18,1412.0,33.36
691,759,10.68,1,N,1,34.0,1.0,0.5,7.0,5.76,0.3,48.56,138,237,2018,4,10,1,18,1525.0,35.15
692,760,10.78,1,N,1,35.5,1.0,0.5,8.61,5.76,0.3,51.67,138,43,2018,4,10,1,18,1846.0,42.9
693,761,11.15,1,N,1,33.5,1.0,0.5,10.26,5.76,0.3,51.32,138,100,2018,4,10,1,19,1366.0,45.67
694,763,8.6,1,N,1,27.0,0.5,0.5,5.65,0.0,0.3,33.95,138,229,2018,4,10,1,20,2139.0,51.96
695,764,6.49,1,N,1,24.5,0.5,0.5,5.16,0.0,0.3,30.96,107,24,2018,4,10,1,20,2155.0,34.8
696,765,7.44,1,N,1,26.0,0.5,0.5,2.73,0.0,0.3,30.03,163,33,2018,4,10,1,21,1214.0,30.95
697,766,8.87,1,N,1,26.5,0.5,0.5,5.56,0.0,0.3,33.36,138,97,2018,4,10,1,21,1406.0,27.85
698,767,14.8,1,N,1,40.0,0.5,0.5,4.0,0.0,0.3,45.3,132,16,2018,4,10,1,22,1583.0,29.15
699,768,8.34,1,N,1,29.5,0.5,0.5,4.0,0.0,0.3,34.8,162,189,2018,4,10,1,22,1759.0,30.96
700,769,8.01,1,N,1,25.5,0.5,0.5,5.36,0.0,0.3,32.16,79,238,2018,4,10,1,22,1313.0,40.56
701,770,7.0,1,N,1,23.5,0.5,0.5,6.2,0.0,0.3,31.0,158,36,2018,11,22,3,23,1477.0,30.290000000000003
702,771,8.2,1,N,1,26.5,0.5,0.5,5.56,0.0,0.3,33.36,152,114,2018,11,23,4,1,1159.0,40.27
703,773,8.9,1,N,1,28.0,0.5,0.5,5.85,0.0,0.3,35.15,79,116,2018,11,23,4,3,1772.0,33.54
704,774,11.1,1,N,1,36.5,0.0,0.5,5.6,0.0,0.3,42.9,182,141,2018,11,23,4,7,3426.0,58.81999999999999
705,776,10.61,1,N,1,31.5,0.0,0.5,7.61,5.76,0.3,45.67,161,138,2018,11,23,4,9,1625.0,42.53
706,777,17.03,3,N,1,64.0,0.0,0.0,15.94,15.4,0.3,95.64,230,1,2018,11,23,4,10,1521.0,41.06
707,778,15.15,1,N,1,42.5,0.0,0.5,8.66,0.0,0.3,51.96,138,40,2018,11,23,4,11,1457.0,45.06
708,779,7.7,1,N,1,29.5,0.0,0.5,4.5,0.0,0.3,34.8,138,230,2018,11,23,4,11,1589.0,46.27
709,780,8.1,1,N,1,25.0,0.0,0.5,5.15,0.0,0.3,30.95,33,43,2018,11,23,4,12,1051.0,34.11
710,781,5.9,1,N,1,21.5,0.0,0.5,5.55,0.0,0.3,27.85,142,12,2018,11,23,4,13,1497.0,49.46
711,782,6.7,1,N,1,23.5,0.0,0.5,4.85,0.0,0.3,29.15,138,255,2018,11,23,4,14,2142.0,29.15
712,783,6.82,1,N,1,25.0,0.0,0.5,5.16,0.0,0.3,30.96,138,80,2018,11,23,4,15,2366.0,47.76
713,784,11.6,1,N,1,32.0,1.0,0.5,6.76,0.0,0.3,40.56,138,195,2018,11,23,4,16,2653.0,50.16
714,785,5.67,1,N,1,21.5,1.0,0.5,6.99,0.0,0.3,30.29,261,261,2018,11,23,4,16,1336.0,41.46999999999999
715,786,8.95,1,N,1,26.0,1.0,0.5,6.71,5.76,0.3,40.27,138,237,2018,11,23,4,18,2877.0,49.56
716,787,11.18,1,N,1,35.0,1.0,0.5,8.51,5.76,0.3,51.07,90,22,2018,3,29,3,18,1839.0,29.8
717,788,6.15,1,N,1,24.0,1.0,0.5,7.74,0.0,0.3,33.54,239,148,2018,3,29,3,18,1784.0,45.66
718,789,11.05,1,N,1,39.5,1.0,0.5,11.76,5.76,0.3,58.82,79,138,2018,3,29,3,18,1697.0,27.96
719,790,13.19,1,N,1,41.0,1.0,0.5,9.71,5.76,0.3,58.27,138,220,2018,3,29,3,18,1694.0,31.0
720,791,10.45,1,N,1,31.0,1.0,0.5,7.09,2.64,0.3,42.53,239,200,2018,3,29,3,19,55.0,5.59
721,792,9.2,1,N,1,28.0,0.5,0.5,6.0,5.76,0.3,41.06,138,239,2018,3,29,3,20,1091.0,35.75
722,793,10.1,1,N,1,30.5,0.5,0.5,7.5,5.76,0.3,45.06,138,141,2018,3,29,3,20,1624.0,31.56
723,794,10.41,1,N,1,31.5,0.5,0.5,7.71,5.76,0.3,46.27,138,163,2018,3,29,3,20,84126.0,29.1
724,795,8.4,1,N,1,23.5,0.5,0.5,3.55,5.76,0.3,34.11,263,138,2018,3,29,3,20,2044.0,47.46999999999999
725,796,10.5,1,N,1,31.0,0.5,0.5,11.4,5.76,0.3,49.46,138,239,2018,3,29,3,21,2134.0,44.76
726,797,4.3,1,N,1,23.0,0.5,0.5,4.85,0.0,0.3,29.15,231,181,2018,3,29,3,21,1711.0,27.96
727,798,11.8,1,N,1,38.5,0.5,0.5,7.96,0.0,0.3,47.76,170,89,2018,3,29,3,21,1539.0,27.36
728,799,11.32,1,N,1,40.5,0.5,0.5,8.36,0.0,0.3,50.16,138,40,2018,3,29,3,22,2060.0,52.26
729,800,9.05,1,N,1,27.5,0.5,0.5,6.91,5.76,0.3,41.47,138,238,2018,3,29,3,22,2545.0,57.56999999999999
730,801,12.24,1,N,1,40.0,0.5,0.5,8.26,0.0,0.3,49.56,164,178,2018,3,29,3,21,2812.0,67.88
731,802,6.3,1,N,1,24.5,0.5,0.5,4.0,0.0,0.3,29.8,164,112,2018,3,29,3,22,1687.0,29.76
732,803,9.7,1,N,1,31.0,0.5,0.5,7.6,5.76,0.3,45.66,138,246,2018,3,29,3,22,2355.0,33.959999999999994
733,804,5.73,1,N,1,22.0,0.5,0.5,4.66,0.0,0.3,27.96,246,236,2018,3,29,3,22,2565.0,42.96
734,805,6.59,1,N,1,23.5,0.5,0.5,6.2,0.0,0.3,31.0,68,7,2018,3,29,3,23,1916.0,38.46
735,806,0.36,1,N,1,3.0,0.5,0.5,1.29,0.0,0.3,5.59,142,142,2018,3,30,4,0,1510.0,29.15
736,807,9.6,1,N,1,28.5,0.5,0.5,5.95,0.0,0.3,35.75,138,33,2018,3,30,4,0,1730.0,27.96
737,808,7.76,1,N,1,25.0,0.5,0.5,5.26,0.0,0.3,31.56,234,223,2018,3,30,4,1,2225.0,32.75
738,809,6.67,1,N,1,23.0,0.5,0.5,4.8,0.0,0.3,29.1,148,239,2018,3,29,3,22,2156.0,37.25
739,810,9.82,1,N,1,32.0,1.0,0.5,7.91,5.76,0.3,47.47,138,249,2018,7,12,3,19,1714.0,29.76
740,811,10.94,1,N,1,35.5,1.0,0.5,7.46,0.0,0.3,44.76,138,114,2018,7,12,3,19,1919.0,33.56
741,812,4.29,1,N,1,21.5,1.0,0.5,4.66,0.0,0.3,27.96,170,13,2018,7,12,3,19,1748.0,46.5
742,813,6.28,1,N,1,21.5,0.5,0.5,4.56,0.0,0.3,27.36,264,264,2018,7,12,3,20,1020.0,48.56
743,814,11.5,1,N,1,36.5,0.5,0.5,8.7,5.76,0.3,52.26,138,230,2018,7,12,3,20,1978.0,33.959999999999994
744,815,13.85,1,N,1,43.0,0.5,0.5,7.51,5.76,0.3,57.57,100,123,2018,7,12,3,20,1848.0,52.42
745,816,15.75,4,N,1,53.0,0.5,0.5,13.58,0.0,0.3,67.88,162,265,2018,7,12,3,20,1778.0,37.55
746,817,5.92,1,N,1,23.5,0.5,0.5,4.96,0.0,0.3,29.76,230,231,2018,7,12,3,20,2044.0,72.0
747,818,6.24,1,N,1,27.0,0.5,0.5,5.66,0.0,0.3,33.96,246,141,2018,7,12,3,20,1220.0,39.8
748,819,9.7,1,N,1,34.5,0.5,0.5,7.16,0.0,0.3,42.96,79,42,2018,7,12,3,21,1326.0,29.75
749,820,6.3,1,N,1,25.0,0.5,0.5,6.4,5.76,0.3,38.46,170,37,2018,7,12,3,21,1556.0,27.36
750,821,6.1,1,N,1,23.0,0.5,0.5,4.85,0.0,0.3,29.15,255,13,2018,7,12,3,21,2091.0,107.16
751,822,4.89,1,N,1,22.0,0.5,0.5,4.66,0.0,0.3,27.96,88,181,2018,7,12,3,21,1265.0,29.16
752,823,6.0,1,N,1,26.0,0.5,0.5,5.45,0.0,0.3,32.75,68,97,2018,7,12,3,22,1805.0,32.8
753,824,7.92,1,N,1,28.5,0.5,0.5,7.45,0.0,0.3,37.25,170,181,2018,7,12,3,22,2336.0,32.76
754,825,6.24,1,N,1,23.5,0.5,0.5,4.96,0.0,0.3,29.76,112,239,2018,7,12,3,22,2067.0,58.81999999999999
755,826,4.05,1,N,1,22.5,0.5,0.5,4.0,5.76,0.3,33.56,234,112,2018,7,12,3,22,2661.0,66.95
756,827,11.4,1,N,1,34.5,0.5,0.5,10.7,0.0,0.3,46.5,132,17,2018,7,12,3,23,1940.0,29.8
757,828,11.59,1,N,1,31.5,0.5,0.5,10.0,5.76,0.3,48.56,138,3,2018,7,12,3,23,1181.0,32.16
758,829,7.33,1,N,1,27.0,0.5,0.5,5.66,0.0,0.3,33.96,107,129,2018,7,12,3,23,1839.0,31.55
759,830,12.19,1,N,1,38.0,0.5,0.5,10.48,2.64,0.3,52.42,164,220,2018,7,12,3,23,1395.0,39.35
760,831,8.8,1,N,1,30.0,0.5,0.5,6.25,0.0,0.3,37.55,233,190,2018,7,13,4,0,1328.0,47.75
761,832,6.3,5,N,1,47.0,0.0,0.0,12.0,12.7,0.3,72.0,88,265,2018,7,13,4,1,1677.0,56.46999999999999
762,833,9.94,1,N,1,28.5,0.5,0.5,10.0,0.0,0.3,39.8,140,195,2018,7,13,4,2,1711.0,47.15
763,834,7.2,1,N,1,24.0,0.0,0.5,4.95,0.0,0.3,29.75,13,162,2018,7,13,4,7,1180.0,40.85999999999999
764,835,5.78,1,N,1,22.0,0.0,0.5,4.56,0.0,0.3,27.36,48,226,2018,7,13,4,7,1674.0,29.16
765,836,20.21,3,N,1,71.5,0.0,0.0,17.86,17.5,0.3,107.16,161,1,2018,7,13,4,7,1944.0,48.67
766,837,7.23,1,N,1,23.5,0.0,0.5,4.86,0.0,0.3,29.16,233,181,2018,7,13,4,8,3030.0,66.99
767,838,7.62,1,N,1,26.0,0.0,0.5,6.0,0.0,0.3,32.8,263,87,2018,7,13,4,9,1549.0,33.959999999999994
768,839,5.14,1,N,1,26.0,0.5,0.5,5.46,0.0,0.3,32.76,142,148,2018,5,30,2,20,1948.0,50.46999999999999
769,840,13.16,1,N,1,40.0,0.5,0.5,11.76,5.76,0.3,58.82,138,90,2018,5,30,2,21,2442.0,45.66
770,841,18.3,1,N,1,54.5,0.5,0.5,11.15,0.0,0.3,66.95,132,255,2018,5,30,2,22,2036.0,30.36
771,842,6.3,1,N,1,24.0,0.5,0.5,4.5,0.0,0.3,29.8,186,52,2018,5,30,2,22,2574.0,46.26
772,843,8.28,1,N,1,25.5,0.5,0.5,5.36,0.0,0.3,32.16,142,243,2018,5,30,2,22,2825.0,59.46999999999999
773,844,6.5,1,N,1,25.0,0.5,0.5,5.25,0.0,0.3,31.55,68,260,2018,5,30,2,23,2482.0,48.67
774,845,10.6,1,N,1,31.5,0.5,0.5,6.55,0.0,0.3,39.35,138,113,2018,5,30,2,23,1831.0,48.66
775,846,13.9,1,N,1,38.5,0.5,0.5,7.95,0.0,0.3,47.75,132,226,2018,5,30,2,23,1571.0,26.75
776,847,14.02,1,N,1,40.0,0.5,0.5,9.41,5.76,0.3,56.47,138,261,2018,5,31,3,0,978.0,37.06
777,848,13.1,1,N,1,38.0,0.5,0.5,7.85,0.0,0.3,47.15,132,89,2018,5,31,3,0,1714.0,27.96
778,849,9.5,1,N,1,27.0,0.5,0.5,6.8,5.76,0.3,40.86,138,107,2018,5,31,3,0,35.0,5.38
779,850,6.04,1,N,1,23.0,0.5,0.5,4.86,0.0,0.3,29.16,234,225,2018,5,31,3,0,1044.0,37.27
780,851,9.53,1,N,1,33.5,0.5,0.5,8.11,5.76,0.3,48.67,48,173,2018,5,31,3,0,1341.0,34.43
781,852,21.56,1,N,1,62.5,0.5,0.5,3.19,0.0,0.3,68.94,89,208,2018,5,31,3,3,2106.0,38.16
782,853,7.75,1,N,1,27.0,0.5,0.5,5.66,0.0,0.3,33.96,163,138,2018,5,31,3,5,1676.0,35.16
783,854,12.33,1,N,1,35.5,0.0,0.5,8.41,5.76,0.3,50.47,138,162,2018,5,31,3,7,2288.0,33.36
784,855,8.0,1,N,1,30.0,0.0,0.5,9.1,5.76,0.3,45.66,138,234,2018,5,31,3,7,1014.0,39.67
785,856,5.72,1,N,1,24.5,0.0,0.5,5.06,0.0,0.3,32.31,143,107,2018,5,31,3,8,1506.0,32.76
786,857,8.2,1,N,1,32.0,0.0,0.5,7.7,5.76,0.3,46.26,138,164,2018,5,31,3,8,1162.0,28.52
787,858,14.88,1,N,1,43.0,0.0,0.5,9.91,5.76,0.3,59.47,138,88,2018,5,31,3,9,1879.0,45.95
788,859,10.34,1,N,1,34.0,0.0,0.5,8.11,5.76,0.3,48.67,138,162,2018,5,31,3,9,2611.0,51.35
789,860,11.1,1,N,1,34.0,0.0,0.5,8.1,5.76,0.3,48.66,142,138,2018,5,31,3,9,3377.0,61.55
790,861,5.2,1,N,1,21.5,0.0,0.5,4.45,0.0,0.3,26.75,246,87,2018,5,31,3,10,1737.0,30.95
791,862,8.2,1,N,1,24.0,0.5,0.5,6.0,5.76,0.3,37.06,138,170,2018,3,12,0,20,1228.0,30.9
792,863,5.85,1,N,1,22.0,0.5,0.5,4.66,0.0,0.3,27.96,68,61,2018,3,12,0,20,1487.0,27.35
793,864,0.37,1,N,1,3.0,0.5,0.5,1.08,0.0,0.3,5.38,75,75,2018,3,12,0,20,3597.0,89.0
794,865,8.3,1,N,1,24.0,0.5,0.5,6.21,5.76,0.3,37.27,138,164,2018,3,12,0,21,2137.0,52.27
795,866,10.01,1,N,1,30.0,0.5,0.5,3.13,0.0,0.3,34.43,138,231,2018,3,12,0,21,1261.0,26.3
796,867,9.03,1,N,1,30.5,0.5,0.5,6.36,0.0,0.3,38.16,162,225,2018,3,12,0,22,892.0,24.8
797,868,8.45,1,N,1,28.0,0.5,0.5,5.86,0.0,0.3,35.16,249,42,2018,3,12,0,22,105.0,4.94
798,869,6.0,1,N,1,26.5,0.5,0.5,5.56,0.0,0.3,33.36,164,17,2018,3,12,0,23,1971.0,32.16
799,870,9.18,1,N,1,26.0,0.5,0.5,6.61,5.76,0.3,39.67,138,107,2018,3,13,1,0,1624.0,48.06999999999999
800,871,7.82,1,N,1,26.0,0.5,0.5,5.46,0.0,0.3,32.76,88,151,2018,3,13,1,1,1833.0,29.76
801,872,7.4,1,N,1,23.5,0.5,0.5,3.72,0.0,0.3,28.52,68,42,2018,3,13,1,2,1540.0,40.04
802,873,12.7,1,N,1,37.0,0.5,0.5,7.65,0.0,0.3,45.95,141,28,2018,3,13,1,3,1555.0,27.96
803,874,13.6,1,N,1,42.0,0.0,0.5,8.55,0.0,0.3,51.35,132,25,2018,3,13,1,6,1834.0,36.95
804,875,15.9,1,N,1,50.5,0.0,0.5,10.25,0.0,0.3,61.55,132,40,2018,3,13,1,6,1212.0,32.55
805,876,6.3,1,N,1,25.0,0.0,0.5,5.15,0.0,0.3,30.95,170,52,2018,3,13,1,7,1339.0,41.34
806,877,6.8,1,N,1,23.0,0.0,0.5,7.1,0.0,0.3,30.9,186,65,2018,3,13,1,7,866.0,34.559999999999995
807,878,5.6,1,N,1,22.0,0.0,0.5,4.55,0.0,0.3,27.35,107,13,2018,3,13,1,8,1960.0,27.36
808,879,25.4,1,N,1,69.0,0.0,0.5,7.68,11.52,0.3,89.0,132,206,2018,3,13,1,8,1710.0,47.57999999999999
809,880,10.85,1,N,1,37.0,0.0,0.5,8.71,5.76,0.3,52.27,48,138,2018,3,13,1,9,92.0,10.8
810,881,6.26,1,N,1,21.5,0.0,0.5,4.0,0.0,0.3,26.3,229,231,2018,3,13,1,9,2161.0,45.06
811,882,7.19,1,N,1,21.5,0.0,0.5,2.5,0.0,0.3,24.8,238,128,2018,3,13,1,10,1740.0,32.16
812,883,0.2,1,N,1,3.0,0.0,0.5,1.14,0.0,0.3,4.94,161,163,2018,3,13,1,11,2010.0,26.76
813,884,6.99,1,N,1,25.5,0.5,0.5,5.36,0.0,0.3,32.16,48,49,2018,6,19,1,21,75.0,4.56
814,885,10.8,1,N,1,33.0,0.5,0.5,8.01,5.76,0.3,48.07,138,48,2018,6,19,1,22,2435.0,32.3
815,886,6.09,1,N,1,23.5,0.5,0.5,4.96,0.0,0.3,29.76,142,255,2018,6,19,1,22,3498.0,75.95
816,887,9.21,1,N,1,29.5,0.5,0.5,9.24,0.0,0.3,40.04,263,220,2018,6,19,1,22,1667.0,42.67
817,888,6.21,1,N,1,22.0,0.5,0.5,4.66,0.0,0.3,27.96,144,61,2018,6,19,1,22,1049.0,30.35
818,889,8.7,1,N,1,29.5,0.5,0.5,6.15,0.0,0.3,36.95,170,116,2018,6,19,1,23,1380.0,32.24
819,890,9.1,1,N,1,27.0,0.5,0.5,4.25,0.0,0.3,32.55,50,127,2018,6,19,1,23,990.0,37.27
820,891,10.66,1,N,1,30.5,0.5,0.5,9.54,0.0,0.3,41.34,68,127,2018,6,20,2,1,1530.0,30.82
821,892,9.74,1,N,1,27.5,0.5,0.5,5.76,0.0,0.3,34.56,243,81,2018,6,20,2,2,1969.0,35.15
822,893,3.64,1,N,1,22.0,0.0,0.5,4.56,0.0,0.3,27.36,107,236,2018,6,20,2,9,1577.0,40.87
823,894,9.94,1,N,1,31.5,0.0,0.5,9.52,5.76,0.3,47.58,107,138,2018,6,20,2,9,2186.0,39.8
824,895,0.05,1,N,1,2.5,0.0,0.5,7.5,0.0,0.3,10.8,238,238,2018,6,20,2,9,1444.0,28.52
825,896,9.0,1,N,1,31.0,0.0,0.5,7.5,5.76,0.3,45.06,138,234,2018,6,20,2,9,2343.0,50.76
826,897,6.82,1,N,1,26.0,0.0,0.5,5.36,0.0,0.3,32.16,140,125,2018,6,20,2,10,1117.0,36.8
827,898,4.05,1,N,1,21.5,0.0,0.5,4.46,0.0,0.3,26.76,43,143,2018,6,20,2,11,83.0,4.94
828,900,3.81,1,N,1,25.5,0.0,0.5,6.0,0.0,0.3,32.3,74,162,2018,6,20,2,11,2127.0,32.16
829,901,19.8,1,N,1,62.5,0.0,0.5,12.65,0.0,0.3,75.95,230,55,2018,6,20,2,11,2573.0,53.46999999999999
830,902,9.51,1,N,1,29.0,0.0,0.5,7.11,5.76,0.3,42.67,138,140,2018,6,20,2,11,1440.0,40.38
831,903,7.6,1,N,1,23.0,0.5,0.5,6.05,0.0,0.3,30.35,239,243,2018,8,3,4,21,1144.0,41.8
832,904,6.88,1,N,1,23.5,0.5,0.5,7.44,0.0,0.3,32.24,148,257,2018,8,3,4,21,1630.0,37.56
833,905,8.3,1,N,1,24.0,0.5,0.5,6.21,5.76,0.3,37.27,138,263,2018,8,3,4,21,3219.0,56.76
834,906,7.36,1,N,1,25.5,0.5,0.5,4.02,0.0,0.3,30.82,114,263,2018,8,3,4,22,1218.0,43.77
835,907,7.3,1,N,1,28.0,0.5,0.5,5.85,0.0,0.3,35.15,87,112,2018,8,3,4,22,1577.0,45.8
836,908,8.63,1,N,1,27.0,0.5,0.5,6.81,5.76,0.3,40.87,138,170,2018,8,3,4,23,1408.0,45.67
837,909,9.89,1,N,1,34.5,0.5,0.5,4.0,0.0,0.3,39.8,79,116,2018,8,4,5,0,1746.0,28.55
838,911,7.0,1,N,1,23.5,0.5,0.5,3.72,0.0,0.3,28.52,79,238,2018,8,4,5,1,1505.0,33.36
839,912,13.6,1,N,1,41.0,0.5,0.5,8.46,0.0,0.3,50.76,132,25,2018,8,4,5,2,2542.0,49.55
840,913,10.04,1,N,1,29.5,0.5,0.5,6.0,0.0,0.3,36.8,33,95,2018,8,4,5,4,1505.0,40.56
841,915,0.18,1,N,1,3.0,0.0,0.5,1.14,0.0,0.3,4.94,140,262,2018,8,4,5,9,1160.0,38.0
842,916,0.36,1,N,1,3.0,0.0,0.5,0.76,0.0,0.3,4.56,229,229,2018,8,4,5,9,1403.0,38.15
843,917,5.49,1,N,1,26.0,0.0,0.5,5.36,0.0,0.3,32.16,186,42,2018,8,4,5,10,1470.0,40.56
844,918,10.08,1,N,1,38.0,0.0,0.5,8.91,5.76,0.3,53.47,138,158,2018,8,4,5,10,1569.0,43.27
845,919,7.27,1,N,1,24.5,0.0,0.5,9.32,5.76,0.3,40.38,138,152,2018,8,4,5,11,1421.0,39.66
846,920,11.3,1,N,1,31.0,0.0,0.5,10.0,0.0,0.3,41.8,132,138,2018,8,4,5,13,1334.0,40.87
847,921,9.62,1,N,1,30.0,0.5,0.5,6.26,0.0,0.3,37.56,237,181,2018,3,21,2,20,1890.0,46.26
848,922,14.94,1,N,1,46.5,0.0,0.5,9.46,0.0,0.3,56.76,132,52,2018,3,22,3,7,1962.0,32.849999999999994
849,923,11.1,1,N,1,31.5,0.0,0.5,5.71,5.76,0.3,43.77,170,138,2018,3,22,3,7,1868.0,35.8
850,924,14.3,1,N,1,39.0,0.0,0.5,6.0,0.0,0.3,45.8,138,228,2018,3,22,3,10,1832.0,28.0
851,925,10.53,1,N,1,31.5,0.0,0.5,7.61,5.76,0.3,45.67,138,163,2018,3,22,3,10,1351.0,27.36
852,926,5.3,1,N,1,23.0,0.0,0.5,4.75,0.0,0.3,28.55,142,144,2018,3,22,3,11,1984.0,34.559999999999995
853,927,4.9,1,N,1,23.0,1.0,0.5,4.95,0.0,0.3,29.75,90,41,2018,1,12,4,19,895.0,29.76
854,928,8.31,1,N,1,26.5,0.5,0.5,5.56,0.0,0.3,33.36,132,95,2018,1,12,4,19,2044.0,48.96
855,929,12.8,1,N,1,40.0,0.5,0.5,8.25,0.0,0.3,49.55,132,181,2018,1,12,4,20,1693.0,46.62
856,930,9.4,1,N,1,29.5,0.5,0.5,4.0,5.76,0.3,40.56,138,239,2018,1,12,4,20,1533.0,48.06999999999999
857,931,7.06,1,N,1,23.5,0.5,0.5,4.96,0.0,0.3,29.76,186,168,2018,1,12,4,20,1634.0,49.27
858,932,8.7,1,N,1,25.5,0.5,0.5,5.44,5.76,0.3,38.0,246,133,2018,1,12,4,21,1863.0,31.56
859,933,10.3,1,N,1,30.5,0.5,0.5,6.35,0.0,0.3,38.15,138,148,2018,1,12,4,21,2861.0,65.06
860,934,11.16,1,N,1,32.5,0.5,0.5,6.76,0.0,0.3,40.56,138,97,2018,1,12,4,21,2231.0,42.66
861,935,8.74,1,N,1,29.0,0.5,0.5,7.21,5.76,0.3,43.27,138,170,2018,1,12,4,22,2733.0,39.96
862,936,8.3,1,N,1,26.0,0.5,0.5,6.6,5.76,0.3,39.66,170,95,2018,1,12,4,22,86339.0,30.96
863,937,8.91,1,N,1,27.0,0.5,0.5,6.81,5.76,0.3,40.87,138,186,2018,1,12,4,22,2885.0,53.46999999999999
864,938,9.4,1,N,1,31.5,0.5,0.5,7.7,5.76,0.3,46.26,161,54,2018,1,12,4,23,2310.0,32.849999999999994
865,939,6.2,1,N,1,25.0,0.5,0.5,6.55,0.0,0.3,32.85,186,7,2018,1,12,4,23,1390.0,27.94
866,940,9.4,1,N,1,31.0,0.5,0.5,3.5,0.0,0.3,35.8,211,116,2018,1,12,4,23,1310.0,28.56
867,941,5.8,1,N,1,23.0,0.5,0.5,3.7,0.0,0.3,28.0,113,61,2018,1,13,5,0,1379.0,46.88
868,942,6.76,1,N,1,21.5,0.5,0.5,4.56,0.0,0.3,27.36,231,151,2018,1,13,5,0,1015.0,28.5
869,943,7.58,1,N,1,27.5,0.5,0.5,5.76,0.0,0.3,34.56,186,62,2018,1,13,5,0,2182.0,47.16
870,944,7.85,1,N,1,23.5,0.5,0.5,4.96,0.0,0.3,29.76,138,256,2018,1,13,5,1,1796.0,30.290000000000003
871,945,13.42,1,N,1,39.5,0.5,0.5,8.16,0.0,0.3,48.96,132,40,2018,1,13,5,1,1281.0,27.36
872,946,12.18,1,N,1,36.0,0.5,0.5,9.32,0.0,0.3,46.62,79,243,2018,1,13,5,3,1748.0,27.35
873,947,11.08,1,N,1,33.5,0.0,0.5,8.01,5.76,0.3,48.07,48,138,2018,1,13,5,8,1479.0,38.56999999999999
874,948,12.04,1,N,1,34.5,0.0,0.5,8.21,5.76,0.3,49.27,138,246,2018,1,13,5,9,1664.0,27.95
875,949,6.7,1,N,1,25.5,0.0,0.5,5.26,0.0,0.3,31.56,129,186,2018,1,13,5,10,2427.0,38.15
876,950,14.0,1,N,1,42.5,1.0,0.5,15.0,5.76,0.3,65.06,264,264,2018,11,1,3,16,1596.0,33.3
877,951,7.3,1,N,1,28.0,1.0,0.5,7.1,5.76,0.3,42.66,186,25,2018,11,1,3,16,1729.0,40.38
878,952,7.04,1,N,1,31.5,1.0,0.5,6.66,0.0,0.3,39.96,236,113,2018,11,1,3,17,1014.0,29.6
879,953,4.76,1,N,1,24.0,1.0,0.5,5.16,0.0,0.3,30.96,263,113,2018,11,1,3,17,1730.0,40.87
880,954,10.16,1,N,1,37.0,1.0,0.5,8.91,5.76,0.3,53.47,138,142,2018,11,1,3,17,1343.0,28.56
881,955,5.1,1,N,1,24.5,1.0,0.5,6.55,0.0,0.3,32.85,238,234,2018,11,1,3,18,1656.0,36.36
882,956,6.44,1,N,1,22.5,1.0,0.5,3.64,0.0,0.3,27.94,13,170,2018,11,1,3,19,1017.0,34.559999999999995
883,957,6.5,1,N,1,22.5,0.5,0.5,4.76,0.0,0.3,28.56,140,231,2018,11,1,3,20,1143.0,38.81999999999999
884,958,9.05,1,N,1,29.0,0.5,0.5,10.82,5.76,0.3,46.88,138,162,2018,11,1,3,20,1888.0,51.06999999999999
885,959,6.8,1,N,1,21.5,0.5,0.5,5.7,0.0,0.3,28.5,138,146,2018,11,1,3,21,1857.0,29.13
886,960,11.9,1,N,1,38.0,0.5,0.5,7.86,0.0,0.3,47.16,237,171,2018,11,1,3,21,2225.0,30.38
887,961,5.13,1,N,1,22.0,0.5,0.5,6.99,0.0,0.3,30.29,68,236,2018,11,1,3,21,1224.0,26.22
888,962,5.77,1,N,1,21.5,0.5,0.5,4.56,0.0,0.3,27.36,50,42,2018,11,1,3,21,1652.0,34.84
889,963,5.3,1,N,1,21.5,0.5,0.5,4.55,0.0,0.3,27.35,113,238,2018,11,1,3,21,2100.0,25.6
890,964,8.9,1,N,1,28.0,0.5,0.5,3.51,5.76,0.3,38.57,138,239,2018,11,1,3,21,1915.0,55.27
891,965,5.2,1,N,1,22.0,0.5,0.5,4.65,0.0,0.3,27.95,162,42,2018,11,1,3,21,1400.0,39.67
892,966,7.7,1,N,1,30.5,0.5,0.5,6.35,0.0,0.3,38.15,25,142,2018,11,1,3,22,1458.0,37.56
893,967,5.7,1,N,1,22.0,0.5,0.5,10.0,0.0,0.3,33.3,79,239,2018,11,1,3,22,1764.0,32.75
894,968,9.69,1,N,1,31.0,0.5,0.5,8.08,0.0,0.3,40.38,229,212,2018,11,1,3,21,1964.0,28.5
895,969,7.0,1,N,1,21.5,0.5,0.5,6.8,0.0,0.3,29.6,33,67,2018,11,1,3,22,2467.0,48.06999999999999
896,970,8.18,1,N,1,27.0,0.5,0.5,6.81,5.76,0.3,40.87,48,33,2018,11,1,3,22,3648.0,51.36
897,971,6.12,1,N,1,22.5,0.5,0.5,4.76,0.0,0.3,28.56,43,144,2018,11,1,3,22,2027.0,25.8
898,972,8.94,1,N,1,29.0,0.5,0.5,6.06,0.0,0.3,36.36,181,230,2018,11,1,3,23,1905.0,109.55
899,973,9.85,1,N,1,27.5,0.5,0.5,5.76,0.0,0.3,34.56,138,144,2018,11,2,4,0,3650.0,64.27
900,974,7.71,1,N,1,24.0,0.5,0.5,7.76,5.76,0.3,38.82,236,138,2018,2,2,4,4,3210.0,44.15
901,975,12.34,1,N,1,36.0,0.0,0.5,8.51,5.76,0.3,51.07,230,138,2018,2,2,4,7,2271.0,32.15
902,977,4.6,1,N,1,22.5,0.0,0.5,5.83,0.0,0.3,29.13,79,50,2018,2,2,4,9,3119.0,55.87
903,978,4.26,1,N,1,23.5,0.0,0.5,6.08,0.0,0.3,30.38,163,87,2018,2,2,4,10,2573.0,46.91
904,979,7.18,1,N,1,22.0,0.0,0.5,3.42,0.0,0.3,26.22,13,233,2018,2,2,4,10,1624.0,27.36
905,980,7.42,1,N,1,26.0,0.0,0.5,8.04,0.0,0.3,34.84,137,106,2018,2,2,4,10,2385.0,48.06
906,981,3.68,1,N,1,22.0,0.0,0.5,2.8,0.0,0.3,25.6,107,50,2018,2,2,4,11,1408.0,33.349999999999994
907,983,12.85,1,N,1,39.5,0.0,0.5,9.21,5.76,0.3,55.27,138,234,2018,2,2,4,13,1854.0,35.3
908,984,9.04,1,N,1,26.5,0.0,0.5,6.61,5.76,0.3,39.67,162,138,2018,2,2,4,14,1851.0,47.57999999999999
909,985,8.3,1,N,1,25.0,0.0,0.5,6.0,5.76,0.3,37.56,138,141,2018,2,2,4,15,3528.0,60.96
910,986,7.8,1,N,1,26.5,0.0,0.5,5.45,0.0,0.3,32.75,138,255,2018,2,2,4,15,3430.0,60.96
911,987,4.41,1,N,1,22.0,0.0,0.5,5.7,0.0,0.3,28.5,261,230,2018,2,2,4,15,13.0,235.3
912,988,9.83,1,N,1,33.5,0.0,0.5,8.01,5.76,0.3,48.07,138,234,2018,9,17,0,8,2309.0,30.35
913,989,9.23,1,N,1,42.0,0.0,0.5,8.56,0.0,0.3,51.36,186,89,2018,9,17,0,8,2603.0,35.76
914,990,3.75,1,N,1,21.5,0.0,0.5,3.5,0.0,0.3,25.8,148,161,2018,9,17,0,8,1998.0,29.75
915,991,17.4,3,N,1,66.0,0.0,0.0,18.25,25.0,0.3,109.55,100,1,2018,9,17,0,9,3040.0,60.7
916,992,12.81,1,N,1,47.0,0.0,0.5,10.71,5.76,0.3,64.27,138,230,2018,9,17,0,9,2389.0,33.95
917,993,6.7,1,N,1,36.0,0.0,0.5,7.35,0.0,0.3,44.15,161,66,2018,9,17,0,9,2346.0,49.27
918,994,4.6,1,N,1,26.0,0.0,0.5,5.35,0.0,0.3,32.15,87,164,2018,9,17,0,10,2141.0,28.8
919,995,11.12,1,N,1,41.0,0.0,0.5,9.51,5.76,0.3,57.07,138,229,2018,9,17,0,9,2524.0,34.75
920,996,11.29,1,N,1,40.0,0.0,0.5,9.31,5.76,0.3,55.87,138,230,2018,9,17,0,10,2228.0,51.06999999999999
921,997,8.6,1,N,1,31.0,0.0,0.5,9.35,5.76,0.3,46.91,138,48,2018,9,17,0,10,1871.0,51.68
922,998,4.9,1,N,1,22.0,0.0,0.5,4.56,0.0,0.3,27.36,170,231,2018,9,17,0,11,1591.0,63.2
923,999,9.1,1,N,1,33.5,0.0,0.5,8.0,5.76,0.3,48.06,138,161,2018,9,17,0,11,2369.0,68.16
924,1000,8.2,1,N,1,27.0,0.0,0.5,5.55,0.0,0.3,33.35,231,140,2018,9,17,0,12,2091.0,48.5
925,1001,5.0,1,N,1,24.0,0.0,0.5,6.2,0.0,0.3,31.0,234,40,2018,9,17,0,13,1239.0,38.46
926,1002,7.77,1,N,1,28.5,0.0,0.5,6.0,0.0,0.3,35.3,138,255,2018,9,17,0,14,1944.0,65.7
927,1003,9.44,1,N,1,31.5,0.0,0.5,9.52,5.76,0.3,47.58,138,68,2018,9,17,0,14,1860.0,49.87
928,1004,14.08,1,N,1,50.0,0.0,0.5,10.16,0.0,0.3,60.96,132,181,2018,9,17,0,14,1390.0,31.62
929,1005,15.69,1,N,1,50.0,0.0,0.5,10.16,0.0,0.3,60.96,132,112,2018,9,17,0,15,2026.0,25.8
930,1006,8.5,5,N,1,195.0,0.0,0.0,40.0,0.0,0.3,235.3,132,132,2018,9,17,0,15,2797.0,36.95
931,1007,3.7,1,N,1,23.5,1.0,0.5,5.05,0.0,0.3,30.35,68,13,2018,9,17,0,16,1973.0,40.87
932,1008,5.43,1,N,1,28.0,1.0,0.5,5.96,0.0,0.3,35.76,68,88,2018,9,17,0,16,4714.0,65.46
933,1009,4.1,1,N,1,22.0,1.0,0.5,5.95,0.0,0.3,29.75,107,239,2018,9,17,0,16,1935.0,32.25
934,1010,12.19,1,N,1,41.0,1.0,0.5,12.14,5.76,0.3,60.7,138,107,2018,9,17,0,16,1976.0,30.95
935,1011,5.4,1,N,1,26.5,1.0,0.5,5.65,0.0,0.3,33.95,142,13,2018,9,17,0,17,2165.0,33.5
936,1012,9.94,1,N,1,33.5,1.0,0.5,8.21,5.76,0.3,49.27,138,230,2018,9,17,0,17,1673.0,27.95
937,1013,5.1,1,N,1,23.0,1.0,0.5,4.0,0.0,0.3,28.8,233,87,2018,9,17,0,17,1675.0,29.75
938,1014,4.3,1,N,1,26.0,1.0,0.5,6.95,0.0,0.3,34.75,246,88,2018,9,17,0,17,1696.0,28.55
939,1015,11.12,1,N,1,35.0,1.0,0.5,8.51,5.76,0.3,51.07,138,143,2018,9,17,0,18,2288.0,32.1
940,1016,11.27,1,N,1,34.0,1.0,0.5,10.34,5.54,0.3,51.68,138,170,2018,9,17,0,18,1902.0,33.3
941,1017,16.12,1,N,1,44.0,0.0,0.5,12.64,5.76,0.3,63.2,74,63,2018,12,16,6,7,1735.0,44.75
942,1018,20.32,1,N,1,56.0,0.0,0.5,11.36,0.0,0.3,68.16,132,216,2018,12,16,6,7,900.0,37.56
943,1019,12.32,1,N,1,38.0,0.0,0.5,9.7,0.0,0.3,48.5,244,25,2018,12,16,6,8,2422.0,111.95
944,1020,8.5,1,N,1,25.5,0.0,0.5,6.4,5.76,0.3,38.46,236,138,2018,12,16,6,9,1510.0,40.06
945,1021,16.52,1,N,1,46.0,0.0,0.5,13.14,5.76,0.3,65.7,13,138,2018,12,16,6,9,2057.0,28.55
946,1022,11.4,1,N,1,35.0,0.0,0.5,8.31,5.76,0.3,49.87,161,138,2018,12,16,6,9,1721.0,33.959999999999994
947,1023,7.37,1,N,1,24.5,0.0,0.5,6.32,0.0,0.3,31.62,234,41,2018,12,16,6,10,2043.0,48.66
948,1024,4.22,1,N,1,22.5,0.0,0.5,2.5,0.0,0.3,25.8,233,43,2018,3,29,3,14,1342.0,34.19
949,1025,4.5,1,N,1,30.0,0.0,0.5,6.15,0.0,0.3,36.95,234,238,2018,3,29,3,14,2570.0,36.36
950,1026,8.2,1,N,1,26.5,1.0,0.5,6.81,5.76,0.3,40.87,138,42,2018,3,29,3,17,3632.0,85.06
951,1027,10.7,1,N,1,47.0,1.0,0.5,10.9,5.76,0.3,65.46,107,138,2018,3,29,3,17,2439.0,30.95
952,1028,5.6,1,N,1,24.0,1.0,0.5,6.45,0.0,0.3,32.25,142,13,2018,3,29,3,17,2718.0,57.06
953,1029,5.6,1,N,1,24.0,1.0,0.5,5.15,0.0,0.3,30.95,163,13,2018,3,29,3,17,2359.0,157.87
954,1030,5.89,1,N,1,25.5,0.5,0.5,6.7,0.0,0.3,33.5,107,181,2018,5,18,4,23,3049.0,59.46999999999999
955,1031,5.9,1,N,1,22.0,0.5,0.5,4.65,0.0,0.3,27.95,164,49,2018,5,18,4,23,2342.0,50.67
956,1032,5.77,1,N,1,22.5,0.5,0.5,5.95,0.0,0.3,29.75,4,263,2018,5,19,5,0,1594.0,44.46999999999999
957,1033,6.1,1,N,1,22.5,0.5,0.5,4.75,0.0,0.3,28.55,231,263,2018,5,19,5,0,1634.0,25.64
958,1034,6.6,1,N,1,28.5,0.5,0.5,2.3,0.0,0.3,32.1,249,7,2018,5,19,5,0,1744.0,35.379999999999995
959,1035,9.18,1,N,1,29.5,0.5,0.5,2.5,0.0,0.3,33.3,189,142,2018,5,19,5,1,1975.0,27.36
960,1036,11.5,1,N,1,36.0,0.5,0.5,7.45,0.0,0.3,44.75,239,36,2018,5,19,5,4,3259.0,169.87
961,1037,8.8,1,N,1,25.0,0.0,0.5,6.0,5.76,0.3,37.56,236,138,2018,5,19,5,6,1775.0,27.35
962,1038,24.0,3,N,1,82.5,0.0,0.0,18.65,10.5,0.3,111.95,116,1,2018,5,19,5,7,2180.0,51.06
963,1039,9.0,1,N,1,29.5,0.0,0.5,4.0,5.76,0.3,40.06,262,138,2018,5,19,5,7,2047.0,36.95
964,1040,4.5,1,N,1,23.0,0.0,0.5,4.75,0.0,0.3,28.55,148,186,2018,5,19,5,9,1777.0,92.92
965,1041,8.0,1,N,1,27.5,0.0,0.5,5.66,0.0,0.3,33.96,170,181,2018,5,19,5,9,1907.0,40.0
966,1042,10.5,1,N,1,34.0,0.0,0.5,8.1,5.76,0.3,48.66,138,230,2018,5,19,5,11,10.0,5.16
967,1043,8.19,1,N,1,25.5,0.0,0.5,7.89,0.0,0.3,34.19,237,231,2018,5,19,5,11,1989.0,45.67
968,1044,6.5,1,N,1,29.5,0.0,0.5,6.06,0.0,0.3,36.36,40,230,2018,5,19,5,11,2029.0,49.87
969,1045,25.8,1,N,1,72.5,0.0,0.5,6.0,5.76,0.3,85.06,236,108,2018,5,19,5,12,2817.0,107.76
970,1046,4.0,1,N,1,25.0,0.0,0.5,5.15,0.0,0.3,30.95,246,236,2018,5,19,5,13,1738.0,44.06
971,1047,15.28,1,N,1,44.5,0.0,0.5,6.0,5.76,0.3,57.06,138,88,2018,3,12,0,9,1544.0,37.26
972,1048,25.46,5,N,1,125.0,0.0,0.5,26.31,5.76,0.3,157.87,92,265,2018,3,12,0,9,1829.0,27.96
973,1049,11.68,1,N,1,43.0,0.0,0.5,9.91,5.76,0.3,59.47,138,162,2018,3,12,0,9,2216.0,33.36
974,1050,11.9,1,N,1,37.5,0.0,0.5,6.61,5.76,0.3,50.67,138,87,2018,3,12,0,10,2820.0,70.55
975,1051,10.64,1,N,1,30.5,0.0,0.5,7.41,5.76,0.3,44.47,138,233,2018,3,12,0,11,2666.0,63.67
976,1052,4.93,1,N,1,21.5,0.0,0.5,3.34,0.0,0.3,25.64,239,107,2018,3,12,0,11,1270.0,29.75
977,1053,7.88,1,N,1,27.5,0.0,0.5,7.08,0.0,0.3,35.38,12,236,2018,3,12,0,12,850.0,29.76
978,1054,4.57,1,N,1,22.0,0.0,0.5,4.56,0.0,0.3,27.36,79,75,2018,3,12,0,12,1024.0,31.130000000000003
979,1055,21.72,5,N,1,125.0,0.0,0.0,28.31,16.26,0.3,169.87,132,265,2018,3,12,0,12,1364.0,33.959999999999994
980,1056,4.6,1,N,1,22.0,0.0,0.5,4.55,0.0,0.3,27.35,234,106,2018,3,12,0,12,13.0,3.63
981,1057,10.8,1,N,1,36.0,0.0,0.5,8.5,5.76,0.3,51.06,138,230,2018,3,12,0,12,2227.0,31.3
982,1058,8.0,1,N,1,30.0,0.0,0.5,6.15,0.0,0.3,36.95,13,236,2018,3,12,0,13,1468.0,30.35
983,1059,19.59,3,N,1,70.0,0.0,0.0,12.12,10.5,0.3,92.92,230,1,2018,3,12,0,13,2045.0,32.25
984,1060,8.7,1,N,1,29.5,1.0,0.5,8.7,0.0,0.3,40.0,264,264,2018,3,12,0,16,2896.0,118.56
985,1061,2.7,1,N,1,2.5,1.0,0.5,0.86,0.0,0.3,5.16,114,114,2018,3,12,0,16,2293.0,48.81999999999999
986,1062,9.64,1,N,1,30.5,1.0,0.5,7.61,5.76,0.3,45.67,138,233,2018,3,12,0,16,2224.0,50.46
987,1063,10.78,1,N,1,34.0,1.0,0.5,8.31,5.76,0.3,49.87,138,162,2018,3,12,0,17,1854.0,47.56
988,1064,17.4,3,N,1,69.0,1.0,0.0,17.96,19.5,0.3,107.76,164,1,2018,3,12,0,17,1320.0,43.85999999999999
989,1065,9.7,1,N,1,29.5,1.0,0.5,7.0,5.76,0.3,44.06,237,138,2018,3,12,0,18,2378.0,30.96
990,1066,7.0,1,N,1,23.5,1.0,0.5,6.2,5.76,0.3,37.26,137,196,2018,3,12,0,19,2016.0,33.959999999999994
991,1067,5.48,1,N,1,22.0,0.5,0.5,4.66,0.0,0.3,27.96,234,25,2018,5,8,1,20,2449.0,46.27
992,1068,6.0,1,N,1,26.5,0.5,0.5,5.56,0.0,0.3,33.36,114,239,2018,5,8,1,21,1359.0,28.52
993,1069,17.7,1,N,1,53.0,0.5,0.5,16.25,0.0,0.3,70.55,142,55,2018,5,8,1,21,3253.0,55.87
994,1070,14.43,1,N,1,46.0,0.5,0.5,10.61,5.76,0.3,63.67,138,234,2018,5,8,1,21,1462.0,27.96
995,1071,7.1,1,N,1,22.5,0.5,0.5,5.95,0.0,0.3,29.75,132,130,2018,5,8,1,21,54.0,3.95
996,1072,8.39,1,N,1,23.5,0.5,0.5,4.96,0.0,0.3,29.76,50,243,2018,5,8,1,22,1117.0,38.46
997,1073,6.92,1,N,1,22.0,0.5,0.5,5.19,2.64,0.3,31.13,151,220,2018,5,8,1,21,2488.0,52.27
998,1075,9.07,1,N,1,27.5,0.0,0.5,5.66,0.0,0.3,33.96,50,25,2018,5,9,2,6,2808.0,56.31999999999999
999,1076,0.01,1,N,1,2.5,0.0,0.5,0.33,0.0,0.3,5.58,161,161,2018,5,9,2,7,2372.0,48.67
